parcel_id,observed_conversion_5yr,synthetic_conversion_probability,conversion_type
P0000001,0,0.122,none
P0000002,0,0.0011,none
P0000003,0,0.0285,none
P0000004,0,0.0184,none
P0000005,0,0.0106,none
P0000006,0,0.0821,none
P0000007,0,0.0272,none
P0000008,0,0.001,none
P0000009,0,0.0255,none
P0000010,0,0.0086,none
P0000011,0,0.0189,none
P0000012,0,0.0066,none
P0000013,0,0.0038,none
P0000014,0,0.0972,none
P0000015,0,0.0104,none
P0000016,0,0.0043,none
P0000017,0,0.0191,none
P0000018,0,0.0155,none
P0000019,0,0.0813,none
P0000020,0,0.0251,none
P0000021,0,0.0236,none
P0000022,0,0.0059,none
P0000023,0,0.0059,none
P0000024,0,0.0242,none
P0000025,0,0.0099,none
P0000026,0,0.0362,none
P0000027,1,0.0498,data_center
P0000028,0,0.0252,none
P0000029,0,0.0017,none
P0000030,0,0.0227,none
P0000031,0,0.0533,none
P0000032,0,0.0039,none
P0000033,0,0.0225,none
P0000034,0,0.0625,none
P0000035,0,0.0144,none
P0000036,0,0.0633,none
P0000037,0,0.0023,none
P0000038,0,0.0042,none
P0000039,0,0.0119,none
P0000040,0,0.0161,none
P0000041,0,0.0752,none
P0000042,0,0.0178,none
P0000043,0,0.0192,none
P0000044,0,0.0008,none
P0000045,0,0.0155,none
P0000046,0,0.0143,none
P0000047,0,0.0175,none
P0000048,0,0.0068,none
P0000049,0,0.0168,none
P0000050,0,0.033,none
P0000051,0,0.1773,none
P0000052,0,0.0234,none
P0000053,0,0.0298,none
P0000054,0,0.0411,none
P0000055,0,0.0061,none
P0000056,0,0.0225,none
P0000057,0,0.0006,none
P0000058,0,0.0118,none
P0000059,0,0.0073,none
P0000060,0,0.001,none
P0000061,0,0.0135,none
P0000062,0,0.0306,none
P0000063,0,0.0215,none
P0000064,0,0.0431,none
P0000065,0,0.0111,none
P0000066,0,0.0356,none
P0000067,0,0.0007,none
P0000068,0,0.0073,none
P0000069,0,0.0109,none
P0000070,0,0.0257,none
P0000071,0,0.0228,none
P0000072,0,0.014,none
P0000073,0,0.0089,none
P0000074,0,0.1594,none
P0000075,0,0.0007,none
P0000076,0,0.0185,none
P0000077,0,0.0179,none
P0000078,0,0.0185,none
P0000079,0,0.0052,none
P0000080,0,0.0365,none
P0000081,0,0.0124,none
P0000082,0,0.0149,none
P0000083,0,0.0702,none
P0000084,0,0.0106,none
P0000085,0,0.0101,none
P0000086,0,0.0433,none
P0000087,0,0.0245,none
P0000088,0,0.1678,none
P0000089,0,0.0428,none
P0000090,0,0.0264,none
P0000091,0,0.006,none
P0000092,0,0.0106,none
P0000093,0,0.015,none
P0000094,0,0.013,none
P0000095,0,0.0193,none
P0000096,0,0.021,none
P0000097,0,0.0181,none
P0000098,0,0.0123,none
P0000099,0,0.0216,none
P0000100,0,0.0104,none
P0000101,0,0.0023,none
P0000102,0,0.1074,none
P0000103,0,0.0362,none
P0000104,1,0.0451,solar
P0000105,0,0.0324,none
P0000106,0,0.0221,none
P0000107,0,0.0013,none
P0000108,0,0.2178,none
P0000109,0,0.0021,none
P0000110,0,0.0155,none
P0000111,0,0.0233,none
P0000112,0,0.028,none
P0000113,0,0.0166,none
P0000114,0,0.0184,none
P0000115,0,0.0184,none
P0000116,0,0.097,none
P0000117,0,0.0352,none
P0000118,0,0.0156,none
P0000119,0,0.0021,none
P0000120,0,0.0049,none
P0000121,0,0.0323,none
P0000122,0,0.047,none
P0000123,0,0.0441,none
P0000124,0,0.0063,none
P0000125,0,0.0197,none
P0000126,0,0.0349,none
P0000127,0,0.009,none
P0000128,0,0.0363,none
P0000129,0,0.0336,none
P0000130,1,0.0635,industrial
P0000131,0,0.0466,none
P0000132,0,0.0167,none
P0000133,0,0.0047,none
P0000134,0,0.0172,none
P0000135,0,0.0444,none
P0000136,0,0.0146,none
P0000137,0,0.0564,none
P0000138,0,0.0018,none
P0000139,0,0.0025,none
P0000140,0,0.0059,none
P0000141,0,0.0099,none
P0000142,0,0.0038,none
P0000143,0,0.0428,none
P0000144,0,0.0239,none
P0000145,0,0.0074,none
P0000146,0,0.0037,none
P0000147,0,0.0196,none
P0000148,0,0.0153,none
P0000149,0,0.1242,none
P0000150,0,0.0238,none
P0000151,0,0.0321,none
P0000152,0,0.0093,none
P0000153,0,0.001,none
P0000154,0,0.064,none
P0000155,0,0.0242,none
P0000156,0,0.0179,none
P0000157,0,0.0062,none
P0000158,0,0.1348,none
P0000159,0,0.0053,none
P0000160,0,0.0195,none
P0000161,0,0.0149,none
P0000162,0,0.03,none
P0000163,0,0.011,none
P0000164,1,0.6133,data_center
P0000165,0,0.6998,none
P0000166,0,0.0162,none
P0000167,0,0.0315,none
P0000168,0,0.0009,none
P0000169,0,0.0037,none
P0000170,0,0.0027,none
P0000171,0,0.2055,none
P0000172,0,0.0131,none
P0000173,0,0.026,none
P0000174,0,0.0186,none
P0000175,0,0.0438,none
P0000176,0,0.0049,none
P0000177,0,0.005,none
P0000178,0,0.0093,none
P0000179,0,0.0098,none
P0000180,0,0.0016,none
P0000181,0,0.0124,none
P0000182,0,0.0197,none
P0000183,0,0.0659,none
P0000184,0,0.0182,none
P0000185,0,0.0126,none
P0000186,0,0.0223,none
P0000187,0,0.0229,none
P0000188,0,0.0102,none
P0000189,0,0.0344,none
P0000190,0,0.0022,none
P0000191,0,0.011,none
P0000192,0,0.0292,none
P0000193,0,0.0117,none
P0000194,0,0.0362,none
P0000195,0,0.0188,none
P0000196,0,0.1454,none
P0000197,0,0.0177,none
P0000198,0,0.0484,none
P0000199,0,0.0067,none
P0000200,0,0.0048,none
P0000201,0,0.0256,none
P0000202,0,0.0106,none
P0000203,0,0.0226,none
P0000204,0,0.0053,none
P0000205,0,0.0578,none
P0000206,0,0.0228,none
P0000207,0,0.0199,none
P0000208,0,0.0068,none
P0000209,0,0.0092,none
P0000210,0,0.0108,none
P0000211,0,0.0036,none
P0000212,0,0.0178,none
P0000213,0,0.0102,none
P0000214,0,0.0277,none
P0000215,0,0.0042,none
P0000216,0,0.0116,none
P0000217,0,0.022,none
P0000218,1,0.6212,solar
P0000219,0,0.0151,none
P0000220,0,0.0166,none
P0000221,1,0.025,solar
P0000222,0,0.0116,none
P0000223,0,0.0402,none
P0000224,0,0.0188,none
P0000225,0,0.0171,none
P0000226,0,0.0334,none
P0000227,0,0.0269,none
P0000228,0,0.0101,none
P0000229,0,0.0168,none
P0000230,0,0.1866,none
P0000231,0,0.0561,none
P0000232,0,0.0053,none
P0000233,0,0.0194,none
P0000234,0,0.0178,none
P0000235,0,0.005,none
P0000236,0,0.1945,none
P0000237,0,0.0281,none
P0000238,0,0.0103,none
P0000239,0,0.0123,none
P0000240,0,0.0065,none
P0000241,0,0.003,none
P0000242,0,0.1626,none
P0000243,0,0.0452,none
P0000244,0,0.0442,none
P0000245,0,0.0097,none
P0000246,0,0.0452,none
P0000247,0,0.0049,none
P0000248,0,0.0072,none
P0000249,0,0.0298,none
P0000250,0,0.0104,none
P0000251,0,0.0121,none
P0000252,1,0.2284,industrial
P0000253,0,0.0291,none
P0000254,0,0.0238,none
P0000255,0,0.0187,none
P0000256,0,0.0729,none
P0000257,0,0.0042,none
P0000258,0,0.0845,none
P0000259,0,0.0044,none
P0000260,0,0.0073,none
P0000261,0,0.0466,none
P0000262,0,0.0033,none
P0000263,0,0.0024,none
P0000264,0,0.0532,none
P0000265,0,0.0635,none
P0000266,0,0.0458,none
P0000267,0,0.0336,none
P0000268,0,0.0355,none
P0000269,0,0.0112,none
P0000270,0,0.0104,none
P0000271,0,0.0046,none
P0000272,0,0.0031,none
P0000273,0,0.0445,none
P0000274,0,0.0197,none
P0000275,0,0.0568,none
P0000276,0,0.0062,none
P0000277,0,0.0066,none
P0000278,0,0.1147,none
P0000279,0,0.0164,none
P0000280,0,0.0245,none
P0000281,0,0.0272,none
P0000282,0,0.0154,none
P0000283,0,0.0184,none
P0000284,0,0.0267,none
P0000285,0,0.1133,none
P0000286,0,0.1015,none
P0000287,0,0.0109,none
P0000288,0,0.0204,none
P0000289,0,0.0103,none
P0000290,0,0.0186,none
P0000291,0,0.0104,none
P0000292,0,0.0018,none
P0000293,0,0.0121,none
P0000294,0,0.0171,none
P0000295,0,0.0266,none
P0000296,0,0.0413,none
P0000297,0,0.0211,none
P0000298,0,0.0183,none
P0000299,1,0.0505,industrial
P0000300,0,0.006,none
P0000301,0,0.0061,none
P0000302,1,0.0163,industrial
P0000303,0,0.0254,none
P0000304,0,0.0335,none
P0000305,0,0.0352,none
P0000306,0,0.0148,none
P0000307,1,0.0062,data_center
P0000308,0,0.0107,none
P0000309,1,0.0325,data_center
P0000310,0,0.0113,none
P0000311,0,0.0505,none
P0000312,0,0.0098,none
P0000313,0,0.038,none
P0000314,0,0.025,none
P0000315,0,0.0221,none
P0000316,0,0.0458,none
P0000317,0,0.0388,none
P0000318,0,0.0423,none
P0000319,0,0.0037,none
P0000320,0,0.0043,none
P0000321,0,0.0381,none
P0000322,0,0.301,none
P0000323,0,0.0257,none
P0000324,0,0.0209,none
P0000325,0,0.0649,none
P0000326,0,0.0148,none
P0000327,0,0.002,none
P0000328,0,0.0055,none
P0000329,0,0.0058,none
P0000330,0,0.0206,none
P0000331,0,0.0062,none
P0000332,0,0.0132,none
P0000333,0,0.0061,none
P0000334,0,0.0135,none
P0000335,0,0.0081,none
P0000336,0,0.0055,none
P0000337,0,0.0115,none
P0000338,0,0.0116,none
P0000339,0,0.0814,none
P0000340,0,0.0377,none
P0000341,0,0.0056,none
P0000342,0,0.0161,none
P0000343,0,0.0138,none
P0000344,0,0.0072,none
P0000345,0,0.0006,none
P0000346,0,0.0179,none
P0000347,0,0.0375,none
P0000348,0,0.034,none
P0000349,0,0.0751,none
P0000350,0,0.0101,none
P0000351,0,0.0007,none
P0000352,0,0.0529,none
P0000353,0,0.0096,none
P0000354,0,0.0512,none
P0000355,0,0.0083,none
P0000356,0,0.0258,none
P0000357,1,0.955,data_center
P0000358,0,0.021,none
P0000359,0,0.003,none
P0000360,0,0.0016,none
P0000361,0,0.0053,none
P0000362,0,0.0055,none
P0000363,0,0.1352,none
P0000364,0,0.1064,none
P0000365,0,0.0501,none
P0000366,0,0.0051,none
P0000367,0,0.0039,none
P0000368,0,0.0167,none
P0000369,0,0.0303,none
P0000370,0,0.0043,none
P0000371,0,0.0119,none
P0000372,0,0.0371,none
P0000373,0,0.0015,none
P0000374,0,0.0059,none
P0000375,0,0.0123,none
P0000376,0,0.0042,none
P0000377,0,0.1166,none
P0000378,0,0.0591,none
P0000379,0,0.0072,none
P0000380,0,0.067,none
P0000381,0,0.0096,none
P0000382,0,0.0375,none
P0000383,0,0.0141,none
P0000384,0,0.0154,none
P0000385,0,0.0601,none
P0000386,0,0.0013,none
P0000387,0,0.0106,none
P0000388,0,0.0156,none
P0000389,0,0.0286,none
P0000390,0,0.0162,none
P0000391,0,0.0035,none
P0000392,0,0.0651,none
P0000393,0,0.0267,none
P0000394,0,0.0057,none
P0000395,0,0.0252,none
P0000396,0,0.0404,none
P0000397,0,0.0088,none
P0000398,0,0.0177,none
P0000399,0,0.0147,none
P0000400,0,0.0319,none
P0000401,0,0.0037,none
P0000402,0,0.0034,none
P0000403,0,0.0059,none
P0000404,0,0.0015,none
P0000405,0,0.0119,none
P0000406,0,0.0307,none
P0000407,0,0.0068,none
P0000408,0,0.0745,none
P0000409,0,0.0157,none
P0000410,0,0.0051,none
P0000411,0,0.0074,none
P0000412,0,0.0066,none
P0000413,0,0.0048,none
P0000414,0,0.0171,none
P0000415,0,0.004,none
P0000416,0,0.0074,none
P0000417,0,0.0064,none
P0000418,0,0.003,none
P0000419,0,0.0176,none
P0000420,0,0.003,none
P0000421,0,0.0126,none
P0000422,0,0.0201,none
P0000423,0,0.0005,none
P0000424,0,0.0069,none
P0000425,0,0.042,none
P0000426,0,0.0043,none
P0000427,0,0.0469,none
P0000428,0,0.0032,none
P0000429,0,0.0122,none
P0000430,0,0.004,none
P0000431,0,0.0125,none
P0000432,0,0.0049,none
P0000433,0,0.0087,none
P0000434,0,0.0062,none
P0000435,0,0.0081,none
P0000436,0,0.0178,none
P0000437,0,0.0026,none
P0000438,0,0.0058,none
P0000439,0,0.0032,none
P0000440,0,0.0131,none
P0000441,0,0.0113,none
P0000442,0,0.0134,none
P0000443,0,0.0107,none
P0000444,0,0.0195,none
P0000445,0,0.0418,none
P0000446,0,0.0016,none
P0000447,0,0.0059,none
P0000448,1,0.0824,industrial
P0000449,0,0.0076,none
P0000450,0,0.0023,none
P0000451,0,0.0443,none
P0000452,0,0.0022,none
P0000453,0,0.0012,none
P0000454,0,0.0351,none
P0000455,0,0.0252,none
P0000456,0,0.0083,none
P0000457,0,0.012,none
P0000458,0,0.009,none
P0000459,0,0.0163,none
P0000460,0,0.0007,none
P0000461,0,0.0206,none
P0000462,0,0.0058,none
P0000463,0,0.0023,none
P0000464,0,0.0353,none
P0000465,0,0.0011,none
P0000466,1,0.02,solar
P0000467,0,0.0035,none
P0000468,0,0.0158,none
P0000469,0,0.0055,none
P0000470,0,0.0011,none
P0000471,0,0.0082,none
P0000472,0,0.0021,none
P0000473,0,0.0087,none
P0000474,0,0.0067,none
P0000475,0,0.0196,none
P0000476,0,0.016,none
P0000477,0,0.005,none
P0000478,0,0.006,none
P0000479,0,0.0228,none
P0000480,0,0.0008,none
P0000481,0,0.0039,none
P0000482,0,0.0049,none
P0000483,0,0.0084,none
P0000484,0,0.0005,none
P0000485,0,0.015,none
P0000486,0,0.0076,none
P0000487,0,0.0136,none
P0000488,0,0.0055,none
P0000489,0,0.01,none
P0000490,0,0.0102,none
P0000491,0,0.0312,none
P0000492,0,0.0033,none
P0000493,0,0.0455,none
P0000494,0,0.0121,none
P0000495,0,0.0169,none
P0000496,0,0.012,none
P0000497,0,0.0246,none
P0000498,0,0.0098,none
P0000499,0,0.0084,none
P0000500,0,0.0037,none
P0000501,0,0.009,none
P0000502,0,0.0101,none
P0000503,0,0.0021,none
P0000504,0,0.0015,none
P0000505,0,0.0078,none
P0000506,0,0.0085,none
P0000507,0,0.0017,none
P0000508,0,0.0008,none
P0000509,0,0.0063,none
P0000510,0,0.0051,none
P0000511,0,0.0021,none
P0000512,0,0.0174,none
P0000513,0,0.009,none
P0000514,0,0.0058,none
P0000515,0,0.0446,none
P0000516,0,0.0027,none
P0000517,0,0.0068,none
P0000518,0,0.0003,none
P0000519,1,0.9968,solar
P0000520,0,0.0027,none
P0000521,0,0.0007,none
P0000522,0,0.0011,none
P0000523,0,0.0007,none
P0000524,0,0.0109,none
P0000525,0,0.0124,none
P0000526,0,0.0013,none
P0000527,1,0.1841,data_center
P0000528,0,0.0032,none
P0000529,0,0.0176,none
P0000530,0,0.037,none
P0000531,1,0.9199,data_center
P0000532,0,0.0175,none
P0000533,0,0.0052,none
P0000534,0,0.008,none
P0000535,0,0.0037,none
P0000536,0,0.0103,none
P0000537,0,0.0366,none
P0000538,0,0.0206,none
P0000539,0,0.0068,none
P0000540,0,0.0051,none
P0000541,0,0.017,none
P0000542,0,0.0069,none
P0000543,0,0.0057,none
P0000544,0,0.005,none
P0000545,0,0.0046,none
P0000546,0,0.0087,none
P0000547,0,0.0061,none
P0000548,0,0.0531,none
P0000549,0,0.0078,none
P0000550,0,0.0034,none
P0000551,0,0.0043,none
P0000552,0,0.0079,none
P0000553,0,0.0026,none
P0000554,0,0.0036,none
P0000555,0,0.0073,none
P0000556,0,0.0031,none
P0000557,0,0.0027,none
P0000558,0,0.0018,none
P0000559,0,0.005,none
P0000560,0,0.0021,none
P0000561,0,0.0013,none
P0000562,0,0.0134,none
P0000563,0,0.0077,none
P0000564,0,0.0092,none
P0000565,0,0.0094,none
P0000566,0,0.0099,none
P0000567,0,0.0022,none
P0000568,0,0.0096,none
P0000569,0,0.0013,none
P0000570,0,0.0033,none
P0000571,0,0.0085,none
P0000572,0,0.0117,none
P0000573,0,0.002,none
P0000574,0,0.0113,none
P0000575,0,0.0135,none
P0000576,0,0.0098,none
P0000577,0,0.0086,none
P0000578,0,0.0246,none
P0000579,0,0.0003,none
P0000580,0,0.0503,none
P0000581,0,0.0073,none
P0000582,0,0.0123,none
P0000583,0,0.0058,none
P0000584,0,0.0023,none
P0000585,0,0.0156,none
P0000586,0,0.0076,none
P0000587,0,0.0011,none
P0000588,0,0.0077,none
P0000589,0,0.0174,none
P0000590,0,0.0295,none
P0000591,0,0.0149,none
P0000592,0,0.012,none
P0000593,0,0.0053,none
P0000594,0,0.006,none
P0000595,0,0.1013,none
P0000596,0,0.0014,none
P0000597,0,0.2552,none
P0000598,0,0.0081,none
P0000599,0,0.0226,none
P0000600,0,0.0065,none
P0000601,0,0.0092,none
P0000602,0,0.0063,none
P0000603,0,0.0032,none
P0000604,0,0.021,none
P0000605,0,0.0222,none
P0000606,0,0.0077,none
P0000607,0,0.0012,none
P0000608,0,0.007,none
P0000609,0,0.0054,none
P0000610,0,0.0049,none
P0000611,0,0.0136,none
P0000612,1,0.0261,solar
P0000613,0,0.0066,none
P0000614,0,0.0048,none
P0000615,0,0.0022,none
P0000616,0,0.0008,none
P0000617,0,0.0047,none
P0000618,0,0.0004,none
P0000619,0,0.0098,none
P0000620,0,0.0019,none
P0000621,0,0.0061,none
P0000622,0,0.1564,none
P0000623,0,0.0009,none
P0000624,0,0.0022,none
P0000625,0,0.0077,none
P0000626,0,0.008,none
P0000627,0,0.0057,none
P0000628,0,0.0169,none
P0000629,0,0.0112,none
P0000630,0,0.001,none
P0000631,0,0.0032,none
P0000632,0,0.0012,none
P0000633,0,0.0123,none
P0000634,0,0.01,none
P0000635,0,0.0006,none
P0000636,0,0.0149,none
P0000637,0,0.0167,none
P0000638,0,0.0056,none
P0000639,0,0.0111,none
P0000640,0,0.0062,none
P0000641,0,0.0082,none
P0000642,0,0.0037,none
P0000643,0,0.0003,none
P0000644,0,0.0254,none
P0000645,0,0.0081,none
P0000646,0,0.0057,none
P0000647,0,0.0853,none
P0000648,0,0.0048,none
P0000649,0,0.004,none
P0000650,0,0.0089,none
P0000651,0,0.0013,none
P0000652,0,0.0094,none
P0000653,0,0.011,none
P0000654,0,0.0057,none
P0000655,0,0.0059,none
P0000656,0,0.0149,none
P0000657,0,0.0196,none
P0000658,0,0.0009,none
P0000659,0,0.0082,none
P0000660,0,0.0307,none
P0000661,0,0.0017,none
P0000662,0,0.0076,none
P0000663,0,0.006,none
P0000664,0,0.0056,none
P0000665,0,0.002,none
P0000666,0,0.0574,none
P0000667,0,0.0114,none
P0000668,0,0.0,none
P0000669,0,0.0049,none
P0000670,0,0.0235,none
P0000671,0,0.0013,none
P0000672,0,0.0306,none
P0000673,0,0.0306,none
P0000674,0,0.0039,none
P0000675,0,0.0047,none
P0000676,0,0.0041,none
P0000677,0,0.0099,none
P0000678,0,0.014,none
P0000679,0,0.0073,none
P0000680,0,0.0018,none
P0000681,0,0.2033,none
P0000682,0,0.0116,none
P0000683,0,0.1424,none
P0000684,0,0.0076,none
P0000685,0,0.0058,none
P0000686,0,0.0037,none
P0000687,0,0.0048,none
P0000688,0,0.0021,none
P0000689,0,0.0151,none
P0000690,0,0.0535,none
P0000691,0,0.0008,none
P0000692,0,0.011,none
P0000693,0,0.0029,none
P0000694,0,0.0024,none
P0000695,0,0.0025,none
P0000696,0,0.0029,none
P0000697,0,0.0102,none
P0000698,0,0.0028,none
P0000699,0,0.0053,none
P0000700,0,0.0102,none
P0000701,0,0.0013,none
P0000702,0,0.0151,none
P0000703,0,0.0032,none
P0000704,0,0.0017,none
P0000705,0,0.0065,none
P0000706,0,0.0057,none
P0000707,0,0.009,none
P0000708,0,0.0051,none
P0000709,0,0.0064,none
P0000710,0,0.0185,none
P0000711,0,0.0037,none
P0000712,0,0.0713,none
P0000713,0,0.0046,none
P0000714,0,0.0019,none
P0000715,0,0.0066,none
P0000716,0,0.0106,none
P0000717,0,0.0102,none
P0000718,0,0.0137,none
P0000719,0,0.0034,none
P0000720,0,0.0124,none
P0000721,0,0.1437,none
P0000722,0,0.028,none
P0000723,0,0.0151,none
P0000724,0,0.0101,none
P0000725,0,0.011,none
P0000726,0,0.0019,none
P0000727,0,0.0075,none
P0000728,0,0.0036,none
P0000729,0,0.0025,none
P0000730,0,0.085,none
P0000731,0,0.0032,none
P0000732,0,0.0018,none
P0000733,0,0.0105,none
P0000734,0,0.5226,none
P0000735,0,0.0185,none
P0000736,0,0.0074,none
P0000737,0,0.0105,none
P0000738,0,0.0009,none
P0000739,0,0.0001,none
P0000740,0,0.0068,none
P0000741,0,0.0068,none
P0000742,0,0.0107,none
P0000743,0,0.001,none
P0000744,0,0.0035,none
P0000745,0,0.0118,none
P0000746,0,0.0024,none
P0000747,0,0.0029,none
P0000748,0,0.0141,none
P0000749,0,0.0161,none
P0000750,1,0.0099,industrial
P0000751,1,0.0051,industrial
P0000752,0,0.0065,none
P0000753,0,0.0061,none
P0000754,0,0.0101,none
P0000755,0,0.1054,none
P0000756,0,0.0579,none
P0000757,0,0.0054,none
P0000758,0,0.0056,none
P0000759,0,0.0044,none
P0000760,0,0.0106,none
P0000761,0,0.0213,none
P0000762,0,0.0036,none
P0000763,0,0.0018,none
P0000764,0,0.074,none
P0000765,0,0.0214,none
P0000766,0,0.0089,none
P0000767,0,0.0006,none
P0000768,0,0.0012,none
P0000769,0,0.0161,none
P0000770,0,0.0063,none
P0000771,0,0.0058,none
P0000772,0,0.0015,none
P0000773,0,0.0109,none
P0000774,0,0.0575,none
P0000775,0,0.0231,none
P0000776,0,0.0017,none
P0000777,0,0.1495,none
P0000778,0,0.0077,none
P0000779,0,0.0303,none
P0000780,0,0.0175,none
P0000781,0,0.0083,none
P0000782,0,0.0019,none
P0000783,0,0.006,none
P0000784,0,0.0188,none
P0000785,0,0.0043,none
P0000786,0,0.0043,none
P0000787,0,0.0111,none
P0000788,0,0.0068,none
P0000789,0,0.0063,none
P0000790,0,0.0476,none
P0000791,0,0.0083,none
P0000792,0,0.0006,none
P0000793,0,0.0226,none
P0000794,0,0.0138,none
P0000795,0,0.0075,none
P0000796,0,0.0033,none
P0000797,0,0.003,none
P0000798,0,0.0067,none
P0000799,0,0.0006,none
P0000800,0,0.0012,none
P0000801,0,0.024,none
P0000802,0,0.0396,none
P0000803,0,0.0048,none
P0000804,0,0.0208,none
P0000805,0,0.0178,none
P0000806,0,0.055,none
P0000807,0,0.0245,none
P0000808,0,0.0031,none
P0000809,0,0.0058,none
P0000810,0,0.0783,none
P0000811,1,0.0392,data_center
P0000812,0,0.0091,none
P0000813,0,0.0066,none
P0000814,0,0.0483,none
P0000815,0,0.0013,none
P0000816,0,0.0007,none
P0000817,1,0.0374,industrial
P0000818,0,0.0057,none
P0000819,0,0.0391,none
P0000820,0,0.0189,none
P0000821,0,0.0067,none
P0000822,0,0.0077,none
P0000823,0,0.0034,none
P0000824,0,0.0977,none
P0000825,0,0.0709,none
P0000826,0,0.0292,none
P0000827,0,0.0327,none
P0000828,0,0.0217,none
P0000829,0,0.007,none
P0000830,0,0.0036,none
P0000831,0,0.0261,none
P0000832,0,0.0024,none
P0000833,0,0.0114,none
P0000834,0,0.1168,none
P0000835,0,0.009,none
P0000836,0,0.1942,none
P0000837,0,0.0106,none
P0000838,0,0.004,none
P0000839,1,0.1741,data_center
P0000840,0,0.0202,none
P0000841,1,0.0237,industrial
P0000842,0,0.0073,none
P0000843,0,0.0013,none
P0000844,0,0.0109,none
P0000845,0,0.0094,none
P0000846,0,0.0028,none
P0000847,0,0.0032,none
P0000848,0,0.008,none
P0000849,0,0.0044,none
P0000850,0,0.0635,none
P0000851,0,0.0127,none
P0000852,0,0.1187,none
P0000853,0,0.0014,none
P0000854,0,0.0072,none
P0000855,0,0.0617,none
P0000856,0,0.0018,none
P0000857,0,0.0227,none
P0000858,0,0.0057,none
P0000859,0,0.0017,none
P0000860,0,0.0545,none
P0000861,0,0.0731,none
P0000862,0,0.1806,none
P0000863,0,0.0118,none
P0000864,0,0.006,none
P0000865,0,0.0103,none
P0000866,0,0.039,none
P0000867,0,0.0093,none
P0000868,0,0.0892,none
P0000869,0,0.0638,none
P0000870,0,0.0647,none
P0000871,0,0.0438,none
P0000872,0,0.0205,none
P0000873,0,0.0073,none
P0000874,0,0.0343,none
P0000875,0,0.0111,none
P0000876,0,0.0206,none
P0000877,0,0.0376,none
P0000878,0,0.0532,none
P0000879,0,0.0038,none
P0000880,0,0.1048,none
P0000881,0,0.021,none
P0000882,0,0.0107,none
P0000883,0,0.0006,none
P0000884,0,0.0011,none
P0000885,0,0.0251,none
P0000886,0,0.0115,none
P0000887,0,0.0199,none
P0000888,0,0.034,none
P0000889,0,0.0285,none
P0000890,0,0.0146,none
P0000891,0,0.0263,none
P0000892,0,0.0176,none
P0000893,0,0.0017,none
P0000894,0,0.0278,none
P0000895,0,0.0185,none
P0000896,0,0.0139,none
P0000897,0,0.1374,none
P0000898,0,0.7024,none
P0000899,0,0.0077,none
P0000900,0,0.0175,none
P0000901,0,0.0535,none
P0000902,0,0.0017,none
P0000903,0,0.0121,none
P0000904,0,0.0018,none
P0000905,0,0.0032,none
P0000906,0,0.0089,none
P0000907,0,0.0174,none
P0000908,0,0.0196,none
P0000909,0,0.0011,none
P0000910,0,0.0054,none
P0000911,0,0.0015,none
P0000912,0,0.0063,none
P0000913,0,0.0269,none
P0000914,0,0.0112,none
P0000915,0,0.0096,none
P0000916,0,0.002,none
P0000917,0,0.0448,none
P0000918,0,0.1385,none
P0000919,1,0.1977,industrial
P0000920,0,0.0009,none
P0000921,0,0.0158,none
P0000922,0,0.0145,none
P0000923,1,0.5745,data_center
P0000924,1,0.0134,data_center
P0000925,0,0.0196,none
P0000926,0,0.0243,none
P0000927,0,0.0177,none
P0000928,0,0.0579,none
P0000929,0,0.0028,none
P0000930,0,0.1098,none
P0000931,0,0.0202,none
P0000932,0,0.0103,none
P0000933,0,0.1101,none
P0000934,0,0.0026,none
P0000935,0,0.0114,none
P0000936,0,0.1186,none
P0000937,0,0.0104,none
P0000938,0,0.0049,none
P0000939,0,0.0242,none
P0000940,0,0.0183,none
P0000941,0,0.0014,none
P0000942,0,0.016,none
P0000943,0,0.0172,none
P0000944,0,0.0063,none
P0000945,0,0.0026,none
P0000946,0,0.0045,none
P0000947,0,0.0014,none
P0000948,0,0.0932,none
P0000949,0,0.0072,none
P0000950,0,0.0296,none
P0000951,0,0.0794,none
P0000952,0,0.0109,none
P0000953,0,0.0055,none
P0000954,0,0.0139,none
P0000955,0,0.0092,none
P0000956,0,0.0233,none
P0000957,0,0.0135,none
P0000958,0,0.0643,none
P0000959,0,0.0053,none
P0000960,0,0.0132,none
P0000961,0,0.0077,none
P0000962,0,0.0033,none
P0000963,0,0.0265,none
P0000964,0,0.0026,none
P0000965,0,0.0065,none
P0000966,0,0.022,none
P0000967,0,0.1789,none
P0000968,0,0.0107,none
P0000969,0,0.0282,none
P0000970,0,0.21,none
P0000971,0,0.0012,none
P0000972,0,0.0155,none
P0000973,0,0.0548,none
P0000974,0,0.004,none
P0000975,0,0.0133,none
P0000976,0,0.0921,none
P0000977,0,0.0074,none
P0000978,0,0.0502,none
P0000979,0,0.0095,none
P0000980,0,0.0042,none
P0000981,0,0.0274,none
P0000982,0,0.0042,none
P0000983,1,0.0018,industrial
P0000984,0,0.006,none
P0000985,0,0.0035,none
P0000986,0,0.1108,none
P0000987,0,0.0043,none
P0000988,0,0.0072,none
P0000989,0,0.0338,none
P0000990,1,0.0267,data_center
P0000991,0,0.0066,none
P0000992,0,0.0066,none
P0000993,0,0.0332,none
P0000994,0,0.0004,none
P0000995,0,0.0333,none
P0000996,0,0.0034,none
P0000997,0,0.0363,none
P0000998,0,0.5516,none
P0000999,0,0.0006,none
P0001000,0,0.0695,none
P0001001,0,0.0971,none
P0001002,0,0.0012,none
P0001003,0,0.0169,none
P0001004,0,0.0031,none
P0001005,0,0.0595,none
P0001006,0,0.1201,none
P0001007,0,0.0038,none
P0001008,0,0.0062,none
P0001009,0,0.0046,none
P0001010,0,0.021,none
P0001011,0,0.0335,none
P0001012,1,0.3689,data_center
P0001013,0,0.0234,none
P0001014,0,0.0207,none
P0001015,1,0.0719,solar
P0001016,0,0.0461,none
P0001017,0,0.0222,none
P0001018,0,0.0006,none
P0001019,0,0.0092,none
P0001020,0,0.0117,none
P0001021,0,0.0066,none
P0001022,0,0.0137,none
P0001023,0,0.0249,none
P0001024,0,0.13,none
P0001025,0,0.0116,none
P0001026,0,0.0163,none
P0001027,1,0.0607,solar
P0001028,0,0.0788,none
P0001029,0,0.0242,none
P0001030,0,0.0224,none
P0001031,0,0.0007,none
P0001032,0,0.014,none
P0001033,0,0.0043,none
P0001034,0,0.0013,none
P0001035,0,0.014,none
P0001036,0,0.016,none
P0001037,0,0.009,none
P0001038,0,0.0391,none
P0001039,1,0.0521,solar
P0001040,0,0.0229,none
P0001041,0,0.0018,none
P0001042,0,0.0065,none
P0001043,0,0.0092,none
P0001044,0,0.0384,none
P0001045,0,0.0378,none
P0001046,0,0.0002,none
P0001047,0,0.024,none
P0001048,0,0.0088,none
P0001049,0,0.0266,none
P0001050,0,0.0185,none
P0001051,0,0.0029,none
P0001052,0,0.1052,none
P0001053,0,0.0546,none
P0001054,0,0.0114,none
P0001055,0,0.0049,none
P0001056,0,0.0084,none
P0001057,0,0.0563,none
P0001058,0,0.0185,none
P0001059,0,0.0126,none
P0001060,0,0.0272,none
P0001061,0,0.0064,none
P0001062,0,0.0093,none
P0001063,0,0.0018,none
P0001064,0,0.0036,none
P0001065,1,0.0084,solar
P0001066,0,0.0037,none
P0001067,0,0.0031,none
P0001068,0,0.009,none
P0001069,0,0.0569,none
P0001070,0,0.0341,none
P0001071,0,0.0015,none
P0001072,0,0.0252,none
P0001073,0,0.0297,none
P0001074,0,0.0092,none
P0001075,0,0.0117,none
P0001076,0,0.0192,none
P0001077,0,0.0072,none
P0001078,0,0.0047,none
P0001079,1,0.0258,data_center
P0001080,0,0.0035,none
P0001081,0,0.01,none
P0001082,0,0.0025,none
P0001083,0,0.0516,none
P0001084,0,0.0278,none
P0001085,0,0.0496,none
P0001086,0,0.015,none
P0001087,0,0.0141,none
P0001088,0,0.0008,none
P0001089,0,0.0674,none
P0001090,0,0.0113,none
P0001091,0,0.0161,none
P0001092,0,0.0405,none
P0001093,0,0.0147,none
P0001094,0,0.0016,none
P0001095,0,0.0051,none
P0001096,0,0.0003,none
P0001097,0,0.0066,none
P0001098,0,0.0136,none
P0001099,0,0.0401,none
P0001100,0,0.0086,none
P0001101,0,0.0029,none
P0001102,0,0.0282,none
P0001103,0,0.0132,none
P0001104,0,0.0139,none
P0001105,0,0.0153,none
P0001106,1,0.6928,data_center
P0001107,0,0.0478,none
P0001108,0,0.1556,none
P0001109,0,0.0247,none
P0001110,0,0.0248,none
P0001111,0,0.057,none
P0001112,0,0.0094,none
P0001113,0,0.006,none
P0001114,0,0.0211,none
P0001115,0,0.0193,none
P0001116,0,0.0144,none
P0001117,0,0.03,none
P0001118,0,0.0023,none
P0001119,0,0.003,none
P0001120,0,0.008,none
P0001121,0,0.0195,none
P0001122,0,0.0032,none
P0001123,1,0.777,solar
P0001124,0,0.0769,none
P0001125,0,0.0154,none
P0001126,0,0.0019,none
P0001127,0,0.0757,none
P0001128,0,0.0515,none
P0001129,0,0.0042,none
P0001130,0,0.2164,none
P0001131,0,0.0285,none
P0001132,0,0.003,none
P0001133,0,0.006,none
P0001134,0,0.0127,none
P0001135,0,0.0026,none
P0001136,0,0.0026,none
P0001137,0,0.2947,none
P0001138,0,0.0227,none
P0001139,0,0.0006,none
P0001140,0,0.0016,none
P0001141,0,0.0307,none
P0001142,0,0.0032,none
P0001143,0,0.0213,none
P0001144,0,0.0018,none
P0001145,1,0.0514,data_center
P0001146,0,0.0177,none
P0001147,0,0.0069,none
P0001148,0,0.0026,none
P0001149,0,0.0131,none
P0001150,0,0.0207,none
P0001151,0,0.0019,none
P0001152,0,0.002,none
P0001153,0,0.0022,none
P0001154,0,0.003,none
P0001155,0,0.0529,none
P0001156,1,0.6722,solar
P0001157,0,0.0219,none
P0001158,0,0.0471,none
P0001159,0,0.0295,none
P0001160,0,0.0206,none
P0001161,0,0.0461,none
P0001162,0,0.0012,none
P0001163,0,0.0111,none
P0001164,0,0.0524,none
P0001165,0,0.0144,none
P0001166,0,0.0341,none
P0001167,0,0.0802,none
P0001168,0,0.0078,none
P0001169,0,0.0623,none
P0001170,0,0.0184,none
P0001171,0,0.0054,none
P0001172,0,0.0342,none
P0001173,0,0.0066,none
P0001174,0,0.0047,none
P0001175,0,0.0186,none
P0001176,0,0.1764,none
P0001177,0,0.003,none
P0001178,0,0.0064,none
P0001179,0,0.0155,none
P0001180,0,0.0343,none
P0001181,0,0.1569,none
P0001182,0,0.0117,none
P0001183,0,0.0105,none
P0001184,0,0.1453,none
P0001185,0,0.0094,none
P0001186,0,0.0206,none
P0001187,0,0.0281,none
P0001188,0,0.0167,none
P0001189,0,0.0239,none
P0001190,0,0.0083,none
P0001191,0,0.0002,none
P0001192,0,0.0001,none
P0001193,0,0.0244,none
P0001194,0,0.013,none
P0001195,0,0.0042,none
P0001196,0,0.0145,none
P0001197,0,0.0037,none
P0001198,0,0.0184,none
P0001199,0,0.0104,none
P0001200,0,0.0023,none
P0001201,0,0.0331,none
P0001202,0,0.0054,none
P0001203,0,0.0052,none
P0001204,0,0.0015,none
P0001205,0,0.0037,none
P0001206,0,0.0078,none
P0001207,0,0.0045,none
P0001208,0,0.052,none
P0001209,0,0.0003,none
P0001210,0,0.0123,none
P0001211,0,0.0114,none
P0001212,0,0.003,none
P0001213,0,0.0099,none
P0001214,1,0.0081,industrial
P0001215,0,0.0091,none
P0001216,0,0.0052,none
P0001217,0,0.0005,none
P0001218,0,0.0264,none
P0001219,0,0.0138,none
P0001220,0,0.0025,none
P0001221,0,0.0259,none
P0001222,0,0.0297,none
P0001223,0,0.0147,none
P0001224,0,0.0092,none
P0001225,0,0.0143,none
P0001226,0,0.0477,none
P0001227,0,0.0102,none
P0001228,0,0.0048,none
P0001229,0,0.0065,none
P0001230,0,0.0055,none
P0001231,0,0.0327,none
P0001232,0,0.0319,none
P0001233,0,0.0116,none
P0001234,0,0.0104,none
P0001235,0,0.0057,none
P0001236,0,0.0105,none
P0001237,0,0.0093,none
P0001238,0,0.0273,none
P0001239,0,0.0258,none
P0001240,0,0.0066,none
P0001241,0,0.0336,none
P0001242,0,0.008,none
P0001243,0,0.0075,none
P0001244,0,0.0257,none
P0001245,0,0.0092,none
P0001246,0,0.0356,none
P0001247,0,0.0081,none
P0001248,0,0.0076,none
P0001249,0,0.0021,none
P0001250,0,0.0035,none
P0001251,0,0.0116,none
P0001252,0,0.0022,none
P0001253,0,0.0758,none
P0001254,0,0.001,none
P0001255,0,0.002,none
P0001256,0,0.0094,none
P0001257,0,0.0041,none
P0001258,0,0.0155,none
P0001259,0,0.0099,none
P0001260,0,0.0102,none
P0001261,0,0.0113,none
P0001262,0,0.0134,none
P0001263,0,0.0117,none
P0001264,0,0.0243,none
P0001265,0,0.0102,none
P0001266,0,0.0095,none
P0001267,0,0.0209,none
P0001268,0,0.0063,none
P0001269,0,0.0208,none
P0001270,0,0.0758,none
P0001271,0,0.0348,none
P0001272,0,0.0108,none
P0001273,0,0.0044,none
P0001274,0,0.009,none
P0001275,0,0.0044,none
P0001276,0,0.0375,none
P0001277,0,0.0314,none
P0001278,0,0.0052,none
P0001279,0,0.0013,none
P0001280,0,0.0093,none
P0001281,0,0.0101,none
P0001282,0,0.0045,none
P0001283,0,0.0066,none
P0001284,0,0.0011,none
P0001285,0,0.0024,none
P0001286,0,0.0066,none
P0001287,0,0.0071,none
P0001288,0,0.0092,none
P0001289,0,0.0061,none
P0001290,0,0.0101,none
P0001291,0,0.006,none
P0001292,0,0.0848,none
P0001293,0,0.0277,none
P0001294,0,0.0012,none
P0001295,0,0.0155,none
P0001296,0,0.0476,none
P0001297,0,0.0159,none
P0001298,0,0.0272,none
P0001299,0,0.0077,none
P0001300,0,0.004,none
P0001301,0,0.0012,none
P0001302,0,0.0275,none
P0001303,0,0.0101,none
P0001304,0,0.0058,none
P0001305,0,0.0094,none
P0001306,0,0.0163,none
P0001307,0,0.0047,none
P0001308,0,0.0148,none
P0001309,0,0.3534,none
P0001310,0,0.0241,none
P0001311,0,0.0055,none
P0001312,0,0.0541,none
P0001313,0,0.029,none
P0001314,0,0.0072,none
P0001315,0,0.0246,none
P0001316,0,0.0089,none
P0001317,0,0.0049,none
P0001318,0,0.0034,none
P0001319,0,0.0112,none
P0001320,0,0.0177,none
P0001321,0,0.0005,none
P0001322,0,0.0109,none
P0001323,0,0.0066,none
P0001324,0,0.0429,none
P0001325,0,0.0131,none
P0001326,0,0.0022,none
P0001327,0,0.0093,none
P0001328,0,0.0041,none
P0001329,0,0.0111,none
P0001330,1,0.0251,data_center
P0001331,0,0.005,none
P0001332,0,0.0136,none
P0001333,0,0.057,none
P0001334,0,0.0087,none
P0001335,0,0.0025,none
P0001336,0,0.0026,none
P0001337,0,0.017,none
P0001338,0,0.0018,none
P0001339,0,0.001,none
P0001340,0,0.0216,none
P0001341,0,0.0429,none
P0001342,0,0.0079,none
P0001343,0,0.0181,none
P0001344,0,0.0064,none
P0001345,0,0.005,none
P0001346,0,0.0018,none
P0001347,0,0.0062,none
P0001348,0,0.0038,none
P0001349,1,0.0915,data_center
P0001350,0,0.0056,none
P0001351,0,0.0107,none
P0001352,0,0.0029,none
P0001353,0,0.0059,none
P0001354,0,0.1092,none
P0001355,0,0.0195,none
P0001356,0,0.0219,none
P0001357,0,0.0127,none
P0001358,0,0.0239,none
P0001359,0,0.0171,none
P0001360,0,0.0153,none
P0001361,0,0.0033,none
P0001362,0,0.0426,none
P0001363,1,0.0664,industrial
P0001364,0,0.0146,none
P0001365,0,0.0153,none
P0001366,0,0.0118,none
P0001367,0,0.0122,none
P0001368,0,0.0108,none
P0001369,0,0.0163,none
P0001370,0,0.0001,none
P0001371,0,0.003,none
P0001372,0,0.0023,none
P0001373,0,0.0007,none
P0001374,0,0.1536,none
P0001375,0,0.0031,none
P0001376,0,0.0048,none
P0001377,0,0.0045,none
P0001378,0,0.0289,none
P0001379,0,0.0032,none
P0001380,0,0.004,none
P0001381,0,0.0152,none
P0001382,0,0.4805,none
P0001383,0,0.0242,none
P0001384,0,0.4525,none
P0001385,0,0.0055,none
P0001386,0,0.0087,none
P0001387,0,0.0066,none
P0001388,0,0.0032,none
P0001389,0,0.0333,none
P0001390,0,0.0107,none
P0001391,0,0.0147,none
P0001392,0,0.0111,none
P0001393,0,0.3881,none
P0001394,1,0.0385,solar
P0001395,0,0.0403,none
P0001396,0,0.0078,none
P0001397,0,0.0135,none
P0001398,0,0.0008,none
P0001399,0,0.0016,none
P0001400,0,0.002,none
P0001401,0,0.0221,none
P0001402,0,0.0129,none
P0001403,0,0.0015,none
P0001404,0,0.0083,none
P0001405,0,0.0025,none
P0001406,0,0.0006,none
P0001407,0,0.0083,none
P0001408,0,0.0039,none
P0001409,0,0.0351,none
P0001410,0,0.0013,none
P0001411,0,0.0124,none
P0001412,0,0.0167,none
P0001413,0,0.0034,none
P0001414,0,0.0022,none
P0001415,0,0.0041,none
P0001416,0,0.0064,none
P0001417,0,0.0025,none
P0001418,0,0.0184,none
P0001419,0,0.0035,none
P0001420,0,0.0044,none
P0001421,0,0.0103,none
P0001422,0,0.0113,none
P0001423,0,0.0007,none
P0001424,0,0.0298,none
P0001425,0,0.0336,none
P0001426,0,0.0078,none
P0001427,0,0.0015,none
P0001428,0,0.0032,none
P0001429,0,0.0127,none
P0001430,0,0.0108,none
P0001431,0,0.0072,none
P0001432,0,0.0053,none
P0001433,0,0.023,none
P0001434,0,0.0257,none
P0001435,0,0.0024,none
P0001436,1,0.024,solar
P0001437,0,0.0289,none
P0001438,0,0.0127,none
P0001439,0,0.0184,none
P0001440,0,0.0027,none
P0001441,1,0.0208,industrial
P0001442,0,0.0075,none
P0001443,0,0.0338,none
P0001444,0,0.002,none
P0001445,0,0.5901,none
P0001446,0,0.0123,none
P0001447,0,0.0024,none
P0001448,0,0.0028,none
P0001449,0,0.0116,none
P0001450,0,0.017,none
P0001451,0,0.0158,none
P0001452,0,0.0033,none
P0001453,0,0.0132,none
P0001454,0,0.0006,none
P0001455,0,0.0037,none
P0001456,0,0.0074,none
P0001457,0,0.0038,none
P0001458,0,0.0141,none
P0001459,0,0.0363,none
P0001460,0,0.0413,none
P0001461,0,0.0047,none
P0001462,0,0.0041,none
P0001463,0,0.0036,none
P0001464,0,0.0282,none
P0001465,0,0.0076,none
P0001466,0,0.0107,none
P0001467,0,0.0367,none
P0001468,0,0.0001,none
P0001469,0,0.0171,none
P0001470,0,0.0353,none
P0001471,0,0.0045,none
P0001472,0,0.0147,none
P0001473,0,0.11,none
P0001474,0,0.2684,none
P0001475,0,0.0033,none
P0001476,0,0.009,none
P0001477,0,0.0141,none
P0001478,0,0.0137,none
P0001479,0,0.0025,none
P0001480,0,0.0043,none
P0001481,0,0.0075,none
P0001482,0,0.0164,none
P0001483,0,0.016,none
P0001484,0,0.0259,none
P0001485,0,0.0037,none
P0001486,0,0.0072,none
P0001487,0,0.0538,none
P0001488,0,0.0241,none
P0001489,0,0.0113,none
P0001490,0,0.228,none
P0001491,0,0.0123,none
P0001492,0,0.0179,none
P0001493,0,0.0085,none
P0001494,0,0.0072,none
P0001495,0,0.0115,none
P0001496,0,0.0034,none
P0001497,0,0.0069,none
P0001498,0,0.0371,none
P0001499,0,0.0145,none
P0001500,0,0.0095,none
P0001501,0,0.0019,none
P0001502,0,0.0004,none
P0001503,0,0.0157,none
P0001504,0,0.0208,none
P0001505,0,0.0207,none
P0001506,0,0.0131,none
P0001507,0,0.0097,none
P0001508,0,0.0005,none
P0001509,0,0.0256,none
P0001510,0,0.0197,none
P0001511,0,0.0027,none
P0001512,0,0.0011,none
P0001513,0,0.01,none
P0001514,0,0.0144,none
P0001515,0,0.0375,none
P0001516,0,0.005,none
P0001517,0,0.117,none
P0001518,0,0.015,none
P0001519,0,0.024,none
P0001520,0,0.2068,none
P0001521,0,0.0073,none
P0001522,0,0.0169,none
P0001523,0,0.0221,none
P0001524,0,0.0025,none
P0001525,0,0.0323,none
P0001526,0,0.0049,none
P0001527,0,0.0133,none
P0001528,0,0.018,none
P0001529,0,0.0041,none
P0001530,0,0.0008,none
P0001531,0,0.0029,none
P0001532,0,0.0065,none
P0001533,0,0.0107,none
P0001534,0,0.0103,none
P0001535,0,0.083,none
P0001536,0,0.0241,none
P0001537,0,0.0318,none
P0001538,0,0.0208,none
P0001539,0,0.0094,none
P0001540,0,0.0132,none
P0001541,0,0.0241,none
P0001542,0,0.0019,none
P0001543,0,0.1069,none
P0001544,0,0.021,none
P0001545,0,0.0137,none
P0001546,0,0.0044,none
P0001547,0,0.0035,none
P0001548,0,0.0156,none
P0001549,0,0.0289,none
P0001550,0,0.0037,none
P0001551,0,0.0224,none
P0001552,0,0.0101,none
P0001553,0,0.0054,none
P0001554,0,0.0583,none
P0001555,0,0.0111,none
P0001556,0,0.0297,none
P0001557,0,0.0064,none
P0001558,0,0.0324,none
P0001559,0,0.1479,none
P0001560,0,0.0038,none
P0001561,0,0.0037,none
P0001562,0,0.0053,none
P0001563,0,0.0003,none
P0001564,1,0.0113,solar
P0001565,1,0.2077,data_center
P0001566,0,0.0017,none
P0001567,0,0.0172,none
P0001568,0,0.0014,none
P0001569,0,0.0153,none
P0001570,0,0.0328,none
P0001571,0,0.0031,none
P0001572,0,0.0066,none
P0001573,0,0.0059,none
P0001574,0,0.0049,none
P0001575,0,0.005,none
P0001576,0,0.0074,none
P0001577,0,0.0151,none
P0001578,0,0.0526,none
P0001579,0,0.0395,none
P0001580,0,0.0013,none
P0001581,0,0.0222,none
P0001582,0,0.0242,none
P0001583,0,0.0035,none
P0001584,0,0.0024,none
P0001585,0,0.0083,none
P0001586,0,0.0417,none
P0001587,0,0.039,none
P0001588,0,0.0114,none
P0001589,1,0.0294,industrial
P0001590,0,0.0184,none
P0001591,0,0.0777,none
P0001592,0,0.0029,none
P0001593,0,0.0055,none
P0001594,0,0.0041,none
P0001595,0,0.0356,none
P0001596,0,0.0006,none
P0001597,0,0.0008,none
P0001598,0,0.0133,none
P0001599,0,0.0155,none
P0001600,0,0.0093,none
P0001601,0,0.0035,none
P0001602,0,0.0134,none
P0001603,0,0.0047,none
P0001604,0,0.3657,none
P0001605,0,0.0316,none
P0001606,0,0.0153,none
P0001607,0,0.0056,none
P0001608,0,0.0607,none
P0001609,0,0.0494,none
P0001610,0,0.0079,none
P0001611,0,0.0229,none
P0001612,0,0.0101,none
P0001613,0,0.0015,none
P0001614,0,0.017,none
P0001615,0,0.032,none
P0001616,0,0.0092,none
P0001617,0,0.0057,none
P0001618,0,0.0285,none
P0001619,0,0.0098,none
P0001620,0,0.0091,none
P0001621,0,0.0005,none
P0001622,0,0.0137,none
P0001623,0,0.0255,none
P0001624,0,0.0016,none
P0001625,0,0.0357,none
P0001626,0,0.0034,none
P0001627,0,0.0284,none
P0001628,0,0.0029,none
P0001629,0,0.0035,none
P0001630,0,0.0005,none
P0001631,0,0.0044,none
P0001632,0,0.0303,none
P0001633,0,0.0271,none
P0001634,0,0.0191,none
P0001635,0,0.0165,none
P0001636,0,0.0063,none
P0001637,0,0.003,none
P0001638,0,0.0093,none
P0001639,0,0.0424,none
P0001640,0,0.0078,none
P0001641,0,0.0254,none
P0001642,0,0.0013,none
P0001643,0,0.0056,none
P0001644,0,0.0048,none
P0001645,0,0.0073,none
P0001646,0,0.007,none
P0001647,0,0.0126,none
P0001648,0,0.0013,none
P0001649,0,0.0042,none
P0001650,0,0.0032,none
P0001651,0,0.0147,none
P0001652,0,0.0044,none
P0001653,0,0.001,none
P0001654,0,0.0055,none
P0001655,0,0.0058,none
P0001656,0,0.0056,none
P0001657,0,0.003,none
P0001658,0,0.0101,none
P0001659,0,0.0129,none
P0001660,0,0.0071,none
P0001661,0,0.0229,none
P0001662,0,0.0347,none
P0001663,0,0.0095,none
P0001664,0,0.0036,none
P0001665,0,0.018,none
P0001666,0,0.0067,none
P0001667,0,0.0093,none
P0001668,0,0.007,none
P0001669,0,0.0172,none
P0001670,0,0.0023,none
P0001671,0,0.0181,none
P0001672,0,0.0202,none
P0001673,1,0.3028,data_center
P0001674,0,0.0063,none
P0001675,0,0.0086,none
P0001676,0,0.0112,none
P0001677,0,0.0404,none
P0001678,0,0.0792,none
P0001679,0,0.0093,none
P0001680,0,0.026,none
P0001681,0,0.0081,none
P0001682,0,0.0056,none
P0001683,1,0.0431,industrial
P0001684,0,0.0097,none
P0001685,1,0.022,data_center
P0001686,0,0.0299,none
P0001687,0,0.0058,none
P0001688,0,0.0067,none
P0001689,0,0.0045,none
P0001690,0,0.0058,none
P0001691,0,0.0011,none
P0001692,0,0.0203,none
P0001693,0,0.0341,none
P0001694,0,0.0273,none
P0001695,0,0.0127,none
P0001696,0,0.0104,none
P0001697,0,0.0397,none
P0001698,0,0.0405,none
P0001699,0,0.0125,none
P0001700,0,0.008,none
P0001701,0,0.0136,none
P0001702,0,0.0065,none
P0001703,0,0.0008,none
P0001704,0,0.0029,none
P0001705,0,0.0107,none
P0001706,0,0.0052,none
P0001707,0,0.0058,none
P0001708,0,0.0069,none
P0001709,0,0.0023,none
P0001710,0,0.0047,none
P0001711,0,0.0036,none
P0001712,0,0.016,none
P0001713,0,0.0029,none
P0001714,1,0.106,industrial
P0001715,0,0.0262,none
P0001716,0,0.0025,none
P0001717,0,0.0039,none
P0001718,0,0.0027,none
P0001719,0,0.0887,none
P0001720,0,0.0093,none
P0001721,0,0.0509,none
P0001722,0,0.0051,none
P0001723,0,0.0083,none
P0001724,0,0.0071,none
P0001725,0,0.0165,none
P0001726,0,0.0203,none
P0001727,0,0.0086,none
P0001728,0,0.0075,none
P0001729,0,0.0033,none
P0001730,0,0.0009,none
P0001731,0,0.0058,none
P0001732,0,0.0269,none
P0001733,0,0.0275,none
P0001734,0,0.0026,none
P0001735,0,0.0047,none
P0001736,0,0.0077,none
P0001737,0,0.0159,none
P0001738,0,0.0083,none
P0001739,0,0.0029,none
P0001740,0,0.2466,none
P0001741,0,0.0026,none
P0001742,0,0.0337,none
P0001743,0,0.0101,none
P0001744,0,0.0047,none
P0001745,0,0.0012,none
P0001746,0,0.0053,none
P0001747,0,0.0183,none
P0001748,0,0.0311,none
P0001749,0,0.0027,none
P0001750,0,0.015,none
P0001751,0,0.0042,none
P0001752,0,0.0026,none
P0001753,0,0.0554,none
P0001754,0,0.0055,none
P0001755,0,0.0149,none
P0001756,0,0.0534,none
P0001757,0,0.0274,none
P0001758,0,0.0026,none
P0001759,0,0.0314,none
P0001760,0,0.0103,none
P0001761,0,0.0751,none
P0001762,0,0.0116,none
P0001763,0,0.0066,none
P0001764,0,0.0064,none
P0001765,0,0.019,none
P0001766,0,0.1359,none
P0001767,0,0.0124,none
P0001768,0,0.1118,none
P0001769,0,0.0098,none
P0001770,0,0.0015,none
P0001771,0,0.0296,none
P0001772,0,0.0017,none
P0001773,0,0.0182,none
P0001774,0,0.0081,none
P0001775,0,0.0099,none
P0001776,0,0.0006,none
P0001777,0,0.0207,none
P0001778,0,0.0051,none
P0001779,0,0.0041,none
P0001780,0,0.0069,none
P0001781,0,0.021,none
P0001782,0,0.0046,none
P0001783,0,0.0019,none
P0001784,0,0.0088,none
P0001785,0,0.01,none
P0001786,0,0.0113,none
P0001787,0,0.0159,none
P0001788,0,0.0195,none
P0001789,0,0.0093,none
P0001790,0,0.0024,none
P0001791,0,0.0101,none
P0001792,0,0.0109,none
P0001793,0,0.0068,none
P0001794,0,0.0059,none
P0001795,0,0.0082,none
P0001796,0,0.0126,none
P0001797,0,0.0049,none
P0001798,0,0.0076,none
P0001799,0,0.0082,none
P0001800,0,0.0035,none
P0001801,0,0.0084,none
P0001802,0,0.0705,none
P0001803,0,0.0019,none
P0001804,0,0.0109,none
P0001805,0,0.031,none
P0001806,0,0.0067,none
P0001807,0,0.0048,none
P0001808,0,0.0035,none
P0001809,0,0.0145,none
P0001810,0,0.0298,none
P0001811,0,0.0148,none
P0001812,0,0.003,none
P0001813,0,0.0025,none
P0001814,0,0.0072,none
P0001815,0,0.0151,none
P0001816,0,0.0052,none
P0001817,0,0.0013,none
P0001818,0,0.0234,none
P0001819,0,0.0122,none
P0001820,0,0.0281,none
P0001821,0,0.0064,none
P0001822,0,0.0072,none
P0001823,0,0.0037,none
P0001824,0,0.0074,none
P0001825,0,0.0751,none
P0001826,0,0.0196,none
P0001827,0,0.0203,none
P0001828,0,0.0156,none
P0001829,0,0.0051,none
P0001830,0,0.0105,none
P0001831,0,0.0101,none
P0001832,0,0.017,none
P0001833,0,0.0082,none
P0001834,0,0.0179,none
P0001835,0,0.0097,none
P0001836,0,0.009,none
P0001837,0,0.166,none
P0001838,0,0.0093,none
P0001839,0,0.0139,none
P0001840,0,0.0206,none
P0001841,0,0.0344,none
P0001842,0,0.0146,none
P0001843,0,0.0091,none
P0001844,0,0.0094,none
P0001845,0,0.0016,none
P0001846,0,0.0464,none
P0001847,0,0.0026,none
P0001848,0,0.0296,none
P0001849,0,0.0209,none
P0001850,0,0.0075,none
P0001851,0,0.0118,none
P0001852,0,0.0276,none
P0001853,0,0.0223,none
P0001854,0,0.0236,none
P0001855,0,0.0136,none
P0001856,0,0.0059,none
P0001857,0,0.0087,none
P0001858,0,0.0143,none
P0001859,0,0.0238,none
P0001860,0,0.0034,none
P0001861,0,0.0196,none
P0001862,0,0.0659,none
P0001863,0,0.0055,none
P0001864,0,0.0948,none
P0001865,1,0.0621,data_center
P0001866,0,0.0211,none
P0001867,0,0.058,none
P0001868,0,0.0071,none
P0001869,0,0.0238,none
P0001870,0,0.0085,none
P0001871,0,0.0114,none
P0001872,0,0.0052,none
P0001873,0,0.0085,none
P0001874,0,0.0037,none
P0001875,0,0.005,none
P0001876,0,0.0054,none
P0001877,0,0.005,none
P0001878,0,0.003,none
P0001879,0,0.0038,none
P0001880,0,0.0111,none
P0001881,0,0.1182,none
P0001882,1,0.047,data_center
P0001883,0,0.003,none
P0001884,0,0.0058,none
P0001885,0,0.0055,none
P0001886,0,0.0419,none
P0001887,0,0.0749,none
P0001888,0,0.0053,none
P0001889,0,0.0049,none
P0001890,0,0.016,none
P0001891,0,0.0027,none
P0001892,0,0.006,none
P0001893,1,0.0135,data_center
P0001894,0,0.3125,none
P0001895,0,0.0138,none
P0001896,0,0.0205,none
P0001897,0,0.0052,none
P0001898,0,0.0021,none
P0001899,0,0.0071,none
P0001900,0,0.0092,none
P0001901,0,0.0088,none
P0001902,0,0.0016,none
P0001903,1,0.0174,solar
P0001904,0,0.0023,none
P0001905,0,0.0121,none
P0001906,0,0.0184,none
P0001907,0,0.0093,none
P0001908,0,0.0061,none
P0001909,0,0.0242,none
P0001910,0,0.0151,none
P0001911,0,0.0141,none
P0001912,1,0.0224,solar
P0001913,0,0.0138,none
P0001914,0,0.0075,none
P0001915,0,0.0097,none
P0001916,0,0.0112,none
P0001917,0,0.0031,none
P0001918,0,0.0126,none
P0001919,0,0.0339,none
P0001920,0,0.0102,none
P0001921,0,0.0057,none
P0001922,0,0.0052,none
P0001923,0,0.0024,none
P0001924,0,0.0083,none
P0001925,0,0.0358,none
P0001926,0,0.0095,none
P0001927,0,0.002,none
P0001928,0,0.0025,none
P0001929,0,0.0006,none
P0001930,0,0.0039,none
P0001931,0,0.0079,none
P0001932,0,0.0026,none
P0001933,0,0.0028,none
P0001934,0,0.0048,none
P0001935,0,0.0053,none
P0001936,0,0.0039,none
P0001937,0,0.0093,none
P0001938,0,0.0037,none
P0001939,0,0.0065,none
P0001940,0,0.1807,none
P0001941,0,0.0124,none
P0001942,0,0.0166,none
P0001943,0,0.0025,none
P0001944,0,0.0091,none
P0001945,0,0.0133,none
P0001946,0,0.0077,none
P0001947,0,0.0091,none
P0001948,0,0.0045,none
P0001949,0,0.0077,none
P0001950,0,0.0058,none
P0001951,0,0.0072,none
P0001952,0,0.0026,none
P0001953,0,0.009,none
P0001954,0,0.005,none
P0001955,0,0.0075,none
P0001956,0,0.0057,none
P0001957,0,0.0163,none
P0001958,0,0.0127,none
P0001959,0,0.0062,none
P0001960,0,0.0139,none
P0001961,0,0.0402,none
P0001962,0,0.0156,none
P0001963,0,0.1236,none
P0001964,1,0.0251,data_center
P0001965,0,0.0246,none
P0001966,0,0.0063,none
P0001967,0,0.0087,none
P0001968,0,0.0114,none
P0001969,0,0.035,none
P0001970,0,0.0106,none
P0001971,0,0.0164,none
P0001972,0,0.0047,none
P0001973,0,0.0127,none
P0001974,0,0.0209,none
P0001975,0,0.003,none
P0001976,0,0.0163,none
P0001977,0,0.1582,none
P0001978,0,0.0033,none
P0001979,0,0.0086,none
P0001980,0,0.0068,none
P0001981,0,0.0056,none
P0001982,0,0.003,none
P0001983,0,0.0086,none
P0001984,0,0.0035,none
P0001985,0,0.0068,none
P0001986,0,0.0017,none
P0001987,0,0.068,none
P0001988,0,0.0127,none
P0001989,0,0.0008,none
P0001990,0,0.0221,none
P0001991,0,0.0524,none
P0001992,0,0.0024,none
P0001993,0,0.0099,none
P0001994,0,0.0428,none
P0001995,0,0.0042,none
P0001996,0,0.0022,none
P0001997,0,0.0052,none
P0001998,0,0.0052,none
P0001999,0,0.0028,none
P0002000,0,0.0006,none
P0002001,0,0.002,none
P0002002,0,0.0231,none
P0002003,0,0.0047,none
P0002004,0,0.0217,none
P0002005,0,0.0029,none
P0002006,0,0.0012,none
P0002007,0,0.051,none
P0002008,0,0.0083,none
P0002009,0,0.0799,none
P0002010,0,0.0028,none
P0002011,0,0.0079,none
P0002012,0,0.0131,none
P0002013,0,0.0024,none
P0002014,0,0.002,none
P0002015,0,0.0188,none
P0002016,0,0.0697,none
P0002017,0,0.0191,none
P0002018,0,0.0025,none
P0002019,0,0.0367,none
P0002020,0,0.0102,none
P0002021,0,0.012,none
P0002022,1,0.0964,solar
P0002023,0,0.0029,none
P0002024,0,0.0079,none
P0002025,0,0.0085,none
P0002026,0,0.0285,none
P0002027,0,0.0014,none
P0002028,0,0.0194,none
P0002029,0,0.0046,none
P0002030,0,0.0331,none
P0002031,0,0.0043,none
P0002032,0,0.0109,none
P0002033,0,0.0216,none
P0002034,0,0.0066,none
P0002035,0,0.1649,none
P0002036,0,0.0026,none
P0002037,0,0.0214,none
P0002038,0,0.0103,none
P0002039,0,0.0263,none
P0002040,0,0.006,none
P0002041,0,0.0091,none
P0002042,0,0.0091,none
P0002043,0,0.0026,none
P0002044,1,0.2977,data_center
P0002045,0,0.0242,none
P0002046,0,0.0091,none
P0002047,0,0.0057,none
P0002048,0,0.0078,none
P0002049,0,0.0241,none
P0002050,0,0.0085,none
P0002051,0,0.0359,none
P0002052,0,0.1782,none
P0002053,0,0.0147,none
P0002054,0,0.0287,none
P0002055,0,0.0065,none
P0002056,0,0.0088,none
P0002057,0,0.0006,none
P0002058,0,0.0085,none
P0002059,0,0.0104,none
P0002060,0,0.0566,none
P0002061,1,0.0486,industrial
P0002062,0,0.0068,none
P0002063,0,0.0072,none
P0002064,0,0.0002,none
P0002065,0,0.0125,none
P0002066,0,0.0058,none
P0002067,0,0.1082,none
P0002068,0,0.0144,none
P0002069,0,0.0175,none
P0002070,0,0.0006,none
P0002071,0,0.0479,none
P0002072,1,0.0278,data_center
P0002073,0,0.0113,none
P0002074,0,0.3335,none
P0002075,0,0.0261,none
P0002076,1,0.25,data_center
P0002077,0,0.01,none
P0002078,1,0.8938,data_center
P0002079,0,0.0054,none
P0002080,0,0.0216,none
P0002081,0,0.0687,none
P0002082,1,0.0094,solar
P0002083,0,0.016,none
P0002084,0,0.0847,none
P0002085,0,0.0034,none
P0002086,1,0.0242,industrial
P0002087,0,0.0235,none
P0002088,0,0.0195,none
P0002089,0,0.0904,none
P0002090,0,0.0037,none
P0002091,0,0.0164,none
P0002092,0,0.0024,none
P0002093,0,0.0151,none
P0002094,0,0.0308,none
P0002095,0,0.0099,none
P0002096,0,0.0218,none
P0002097,0,0.0031,none
P0002098,0,0.0088,none
P0002099,0,0.004,none
P0002100,0,0.0349,none
P0002101,0,0.0123,none
P0002102,0,0.024,none
P0002103,0,0.0181,none
P0002104,0,0.0237,none
P0002105,0,0.0263,none
P0002106,0,0.0538,none
P0002107,0,0.0296,none
P0002108,0,0.001,none
P0002109,0,0.0098,none
P0002110,0,0.0054,none
P0002111,0,0.0663,none
P0002112,0,0.0006,none
P0002113,0,0.0251,none
P0002114,0,0.5786,none
P0002115,0,0.0185,none
P0002116,0,0.0012,none
P0002117,0,0.0132,none
P0002118,0,0.0006,none
P0002119,0,0.0302,none
P0002120,0,0.0024,none
P0002121,0,0.0353,none
P0002122,0,0.0306,none
P0002123,0,0.0079,none
P0002124,0,0.0141,none
P0002125,0,0.0116,none
P0002126,0,0.0093,none
P0002127,0,0.0104,none
P0002128,0,0.0373,none
P0002129,0,0.0025,none
P0002130,0,0.0124,none
P0002131,0,0.0252,none
P0002132,0,0.0234,none
P0002133,0,0.0449,none
P0002134,0,0.0106,none
P0002135,0,0.1106,none
P0002136,0,0.0122,none
P0002137,0,0.029,none
P0002138,0,0.0253,none
P0002139,0,0.0195,none
P0002140,0,0.0135,none
P0002141,0,0.013,none
P0002142,0,0.0294,none
P0002143,0,0.0149,none
P0002144,0,0.0188,none
P0002145,0,0.0083,none
P0002146,0,0.0003,none
P0002147,0,0.0094,none
P0002148,1,0.019,industrial
P0002149,0,0.0145,none
P0002150,0,0.0017,none
P0002151,0,0.0026,none
P0002152,0,0.0013,none
P0002153,0,0.1001,none
P0002154,0,0.0038,none
P0002155,0,0.009,none
P0002156,0,0.0025,none
P0002157,0,0.0171,none
P0002158,0,0.0043,none
P0002159,0,0.0059,none
P0002160,0,0.0186,none
P0002161,0,0.0101,none
P0002162,1,0.1821,solar
P0002163,0,0.0041,none
P0002164,0,0.0049,none
P0002165,0,0.065,none
P0002166,0,0.0566,none
P0002167,0,0.003,none
P0002168,0,0.0044,none
P0002169,0,0.0043,none
P0002170,0,0.0011,none
P0002171,0,0.0467,none
P0002172,0,0.0076,none
P0002173,0,0.0162,none
P0002174,0,0.0028,none
P0002175,0,0.0152,none
P0002176,0,0.0107,none
P0002177,0,0.0141,none
P0002178,0,0.0009,none
P0002179,0,0.0029,none
P0002180,0,0.0018,none
P0002181,0,0.0066,none
P0002182,0,0.0023,none
P0002183,0,0.0043,none
P0002184,0,0.0069,none
P0002185,0,0.0516,none
P0002186,0,0.0196,none
P0002187,0,0.0102,none
P0002188,0,0.0119,none
P0002189,0,0.0233,none
P0002190,0,0.0225,none
P0002191,0,0.007,none
P0002192,0,0.0161,none
P0002193,0,0.0005,none
P0002194,0,0.0196,none
P0002195,0,0.0419,none
P0002196,0,0.0013,none
P0002197,0,0.0059,none
P0002198,0,0.0046,none
P0002199,0,0.0036,none
P0002200,0,0.007,none
P0002201,0,0.0158,none
P0002202,0,0.0003,none
P0002203,0,0.0128,none
P0002204,0,0.0059,none
P0002205,0,0.0068,none
P0002206,0,0.0027,none
P0002207,0,0.2273,none
P0002208,0,0.0109,none
P0002209,0,0.0118,none
P0002210,0,0.005,none
P0002211,0,0.0218,none
P0002212,0,0.0045,none
P0002213,0,0.0219,none
P0002214,0,0.0153,none
P0002215,0,0.0259,none
P0002216,1,0.2192,solar
P0002217,0,0.0009,none
P0002218,0,0.0009,none
P0002219,0,0.0034,none
P0002220,0,0.0176,none
P0002221,0,0.0062,none
P0002222,0,0.0112,none
P0002223,0,0.0017,none
P0002224,0,0.0017,none
P0002225,0,0.0121,none
P0002226,0,0.0236,none
P0002227,0,0.0262,none
P0002228,0,0.0105,none
P0002229,0,0.1085,none
P0002230,0,0.0009,none
P0002231,0,0.0107,none
P0002232,0,0.0057,none
P0002233,0,0.0087,none
P0002234,0,0.0063,none
P0002235,0,0.0364,none
P0002236,0,0.0225,none
P0002237,0,0.0224,none
P0002238,0,0.0267,none
P0002239,0,0.0137,none
P0002240,1,0.7223,industrial
P0002241,0,0.0023,none
P0002242,0,0.015,none
P0002243,0,0.0082,none
P0002244,0,0.0057,none
P0002245,0,0.0101,none
P0002246,0,0.0138,none
P0002247,0,0.012,none
P0002248,0,0.0097,none
P0002249,0,0.0078,none
P0002250,0,0.0182,none
P0002251,0,0.0006,none
P0002252,0,0.0393,none
P0002253,0,0.0018,none
P0002254,0,0.0014,none
P0002255,0,0.0543,none
P0002256,0,0.0123,none
P0002257,0,0.0079,none
P0002258,0,0.0027,none
P0002259,0,0.0083,none
P0002260,0,0.011,none
P0002261,0,0.0082,none
P0002262,0,0.0066,none
P0002263,0,0.0182,none
P0002264,0,0.5971,none
P0002265,0,0.0755,none
P0002266,0,0.0051,none
P0002267,0,0.0086,none
P0002268,0,0.0053,none
P0002269,0,0.0066,none
P0002270,0,0.0314,none
P0002271,0,0.008,none
P0002272,0,0.0268,none
P0002273,0,0.122,none
P0002274,0,0.0833,none
P0002275,0,0.0058,none
P0002276,0,0.0056,none
P0002277,0,0.0059,none
P0002278,0,0.0077,none
P0002279,0,0.0027,none
P0002280,0,0.0167,none
P0002281,0,0.0003,none
P0002282,0,0.0301,none
P0002283,0,0.005,none
P0002284,0,0.0385,none
P0002285,0,0.0243,none
P0002286,0,0.0006,none
P0002287,0,0.0307,none
P0002288,0,0.0146,none
P0002289,0,0.0014,none
P0002290,0,0.0043,none
P0002291,0,0.0374,none
P0002292,0,0.0308,none
P0002293,0,0.0124,none
P0002294,0,0.0072,none
P0002295,0,0.064,none
P0002296,0,0.0087,none
P0002297,0,0.0132,none
P0002298,0,0.0191,none
P0002299,0,0.0006,none
P0002300,0,0.003,none
P0002301,0,0.0208,none
P0002302,0,0.0163,none
P0002303,0,0.0014,none
P0002304,0,0.0077,none
P0002305,0,0.0055,none
P0002306,0,0.0426,none
P0002307,0,0.0298,none
P0002308,0,0.0091,none
P0002309,0,0.0119,none
P0002310,0,0.0063,none
P0002311,0,0.0104,none
P0002312,0,0.0203,none
P0002313,0,0.0358,none
P0002314,0,0.002,none
P0002315,0,0.0199,none
P0002316,0,0.0135,none
P0002317,0,0.0221,none
P0002318,0,0.0046,none
P0002319,0,0.0403,none
P0002320,0,0.016,none
P0002321,0,0.0231,none
P0002322,0,0.0363,none
P0002323,0,0.0143,none
P0002324,0,0.018,none
P0002325,0,0.0074,none
P0002326,0,0.0114,none
P0002327,0,0.0044,none
P0002328,0,0.0017,none
P0002329,0,0.0159,none
P0002330,0,0.0134,none
P0002331,0,0.0032,none
P0002332,0,0.0021,none
P0002333,0,0.0174,none
P0002334,0,0.0132,none
P0002335,0,0.0053,none
P0002336,0,0.0018,none
P0002337,0,0.0348,none
P0002338,0,0.0104,none
P0002339,0,0.0017,none
P0002340,0,0.0088,none
P0002341,0,0.0,none
P0002342,0,0.0373,none
P0002343,0,0.0203,none
P0002344,0,0.0582,none
P0002345,0,0.0094,none
P0002346,0,0.0224,none
P0002347,0,0.0054,none
P0002348,0,0.0246,none
P0002349,0,0.0177,none
P0002350,0,0.0152,none
P0002351,0,0.0313,none
P0002352,0,0.0046,none
P0002353,0,0.0178,none
P0002354,0,0.022,none
P0002355,0,0.0243,none
P0002356,0,0.0992,none
P0002357,0,0.0097,none
P0002358,0,0.0116,none
P0002359,0,0.0126,none
P0002360,0,0.0073,none
P0002361,0,0.0313,none
P0002362,0,0.007,none
P0002363,0,0.0138,none
P0002364,0,0.0142,none
P0002365,0,0.012,none
P0002366,0,0.0256,none
P0002367,0,0.0028,none
P0002368,0,0.05,none
P0002369,0,0.1264,none
P0002370,0,0.0354,none
P0002371,0,0.0173,none
P0002372,0,0.0009,none
P0002373,0,0.0071,none
P0002374,0,0.0138,none
P0002375,1,0.0767,solar
P0002376,0,0.0074,none
P0002377,1,0.3642,industrial
P0002378,0,0.0148,none
P0002379,0,0.1257,none
P0002380,0,0.0255,none
P0002381,0,0.004,none
P0002382,0,0.003,none
P0002383,0,0.0052,none
P0002384,0,0.0175,none
P0002385,0,0.0174,none
P0002386,0,0.0153,none
P0002387,0,0.006,none
P0002388,0,0.0056,none
P0002389,0,0.0284,none
P0002390,0,0.0061,none
P0002391,0,0.0049,none
P0002392,0,0.0006,none
P0002393,0,0.0242,none
P0002394,0,0.0005,none
P0002395,0,0.0258,none
P0002396,0,0.0497,none
P0002397,0,0.0451,none
P0002398,0,0.1139,none
P0002399,0,0.0159,none
P0002400,0,0.0083,none
P0002401,0,0.0096,none
P0002402,0,0.0077,none
P0002403,0,0.0119,none
P0002404,0,0.0107,none
P0002405,0,0.0033,none
P0002406,0,0.0053,none
P0002407,0,0.0079,none
P0002408,0,0.0082,none
P0002409,0,0.0022,none
P0002410,0,0.0114,none
P0002411,0,0.0009,none
P0002412,0,0.0096,none
P0002413,0,0.0366,none
P0002414,0,0.0055,none
P0002415,0,0.0054,none
P0002416,0,0.0316,none
P0002417,0,0.0109,none
P0002418,0,0.0034,none
P0002419,0,0.0023,none
P0002420,0,0.0039,none
P0002421,0,0.0002,none
P0002422,0,0.0215,none
P0002423,0,0.0008,none
P0002424,0,0.0266,none
P0002425,0,0.0137,none
P0002426,0,0.0016,none
P0002427,0,0.0076,none
P0002428,0,0.0081,none
P0002429,0,0.0006,none
P0002430,0,0.0074,none
P0002431,0,0.0043,none
P0002432,0,0.0034,none
P0002433,0,0.013,none
P0002434,1,0.0702,solar
P0002435,0,0.0029,none
P0002436,0,0.0005,none
P0002437,0,0.0036,none
P0002438,0,0.0052,none
P0002439,0,0.0144,none
P0002440,0,0.0094,none
P0002441,0,0.0039,none
P0002442,0,0.0152,none
P0002443,0,0.0018,none
P0002444,0,0.0153,none
P0002445,0,0.005,none
P0002446,0,0.0097,none
P0002447,0,0.004,none
P0002448,0,0.0127,none
P0002449,0,0.0059,none
P0002450,0,0.0091,none
P0002451,0,0.0007,none
P0002452,0,0.0037,none
P0002453,0,0.0131,none
P0002454,0,0.0081,none
P0002455,0,0.0052,none
P0002456,0,0.0205,none
P0002457,0,0.0027,none
P0002458,0,0.0059,none
P0002459,0,0.0152,none
P0002460,0,0.0963,none
P0002461,1,0.435,solar
P0002462,0,0.0099,none
P0002463,0,0.0098,none
P0002464,0,0.0042,none
P0002465,0,0.016,none
P0002466,0,0.0096,none
P0002467,0,0.0043,none
P0002468,0,0.0051,none
P0002469,0,0.0037,none
P0002470,0,0.0061,none
P0002471,0,0.0002,none
P0002472,0,0.0066,none
P0002473,0,0.0053,none
P0002474,0,0.0057,none
P0002475,0,0.006,none
P0002476,0,0.0096,none
P0002477,0,0.0065,none
P0002478,0,0.0056,none
P0002479,0,0.0332,none
P0002480,0,0.0102,none
P0002481,0,0.0078,none
P0002482,0,0.0017,none
P0002483,0,0.0403,none
P0002484,0,0.003,none
P0002485,0,0.003,none
P0002486,0,0.001,none
P0002487,1,0.0365,industrial
P0002488,0,0.0086,none
P0002489,0,0.0497,none
P0002490,0,0.0021,none
P0002491,0,0.0116,none
P0002492,0,0.0036,none
P0002493,0,0.0032,none
P0002494,0,0.0321,none
P0002495,0,0.0022,none
P0002496,0,0.0138,none
P0002497,0,0.0057,none
P0002498,0,0.0081,none
P0002499,0,0.0108,none
P0002500,0,0.0094,none
P0002501,0,0.0045,none
P0002502,0,0.0017,none
P0002503,0,0.0365,none
P0002504,0,0.0233,none
P0002505,0,0.0016,none
P0002506,0,0.01,none
P0002507,0,0.0154,none
P0002508,0,0.049,none
P0002509,0,0.0019,none
P0002510,0,0.0114,none
P0002511,0,0.0058,none
P0002512,0,0.0057,none
P0002513,0,0.0091,none
P0002514,0,0.0049,none
P0002515,0,0.0049,none
P0002516,0,0.0013,none
P0002517,0,0.0197,none
P0002518,0,0.0128,none
P0002519,0,0.0018,none
P0002520,0,0.0344,none
P0002521,0,0.0017,none
P0002522,0,0.0169,none
P0002523,0,0.0115,none
P0002524,0,0.0436,none
P0002525,0,0.0136,none
P0002526,0,0.0164,none
P0002527,0,0.0008,none
P0002528,0,0.0039,none
P0002529,0,0.0062,none
P0002530,0,0.0016,none
P0002531,0,0.004,none
P0002532,0,0.0017,none
P0002533,0,0.0158,none
P0002534,0,0.0148,none
P0002535,0,0.0022,none
P0002536,0,0.0095,none
P0002537,0,0.2729,none
P0002538,0,0.0228,none
P0002539,0,0.0023,none
P0002540,0,0.0057,none
P0002541,0,0.002,none
P0002542,0,0.03,none
P0002543,0,0.0055,none
P0002544,0,0.0043,none
P0002545,0,0.0147,none
P0002546,0,0.0132,none
P0002547,0,0.0035,none
P0002548,0,0.0105,none
P0002549,0,0.0069,none
P0002550,0,0.0074,none
P0002551,0,0.0096,none
P0002552,0,0.0079,none
P0002553,0,0.0078,none
P0002554,0,0.0049,none
P0002555,0,0.0056,none
P0002556,0,0.0071,none
P0002557,0,0.0238,none
P0002558,0,0.003,none
P0002559,0,0.0024,none
P0002560,0,0.01,none
P0002561,0,0.0044,none
P0002562,0,0.0035,none
P0002563,0,0.0003,none
P0002564,0,0.0101,none
P0002565,0,0.0147,none
P0002566,0,0.0178,none
P0002567,0,0.0052,none
P0002568,0,0.0044,none
P0002569,0,0.0045,none
P0002570,0,0.0122,none
P0002571,0,0.0004,none
P0002572,0,0.0028,none
P0002573,0,0.0059,none
P0002574,0,0.0033,none
P0002575,0,0.0039,none
P0002576,0,0.0753,none
P0002577,0,0.0048,none
P0002578,0,0.0033,none
P0002579,0,0.011,none
P0002580,0,0.004,none
P0002581,0,0.0031,none
P0002582,0,0.0074,none
P0002583,0,0.0044,none
P0002584,0,0.0065,none
P0002585,0,0.0027,none
P0002586,0,0.0042,none
P0002587,0,0.0102,none
P0002588,0,0.0091,none
P0002589,0,0.0111,none
P0002590,0,0.0033,none
P0002591,0,0.0013,none
P0002592,0,0.003,none
P0002593,0,0.0075,none
P0002594,0,0.0032,none
P0002595,0,0.0007,none
P0002596,0,0.005,none
P0002597,0,0.0655,none
P0002598,0,0.0019,none
P0002599,0,0.004,none
P0002600,0,0.0307,none
P0002601,0,0.009,none
P0002602,0,0.0203,none
P0002603,0,0.012,none
P0002604,0,0.0067,none
P0002605,0,0.0438,none
P0002606,0,0.0053,none
P0002607,0,0.0019,none
P0002608,0,0.0092,none
P0002609,0,0.0109,none
P0002610,0,0.0061,none
P0002611,0,0.0062,none
P0002612,0,0.0078,none
P0002613,0,0.0096,none
P0002614,0,0.0063,none
P0002615,0,0.0083,none
P0002616,0,0.0013,none
P0002617,0,0.004,none
P0002618,0,0.0247,none
P0002619,1,0.0038,industrial
P0002620,1,0.0024,data_center
P0002621,0,0.0022,none
P0002622,0,0.0026,none
P0002623,0,0.0395,none
P0002624,0,0.0026,none
P0002625,0,0.0082,none
P0002626,0,0.0174,none
P0002627,0,0.0079,none
P0002628,0,0.0016,none
P0002629,0,0.0103,none
P0002630,0,0.0043,none
P0002631,0,0.0008,none
P0002632,0,0.0082,none
P0002633,0,0.0283,none
P0002634,0,0.0115,none
P0002635,0,0.009,none
P0002636,0,0.0195,none
P0002637,0,0.0402,none
P0002638,0,0.0379,none
P0002639,0,0.0071,none
P0002640,0,0.0168,none
P0002641,0,0.0048,none
P0002642,0,0.0147,none
P0002643,0,0.0041,none
P0002644,0,0.0072,none
P0002645,0,0.0145,none
P0002646,0,0.0082,none
P0002647,0,0.0025,none
P0002648,0,0.005,none
P0002649,0,0.0063,none
P0002650,0,0.0037,none
P0002651,0,0.034,none
P0002652,0,0.0024,none
P0002653,0,0.0018,none
P0002654,0,0.0094,none
P0002655,0,0.0122,none
P0002656,0,0.0079,none
P0002657,0,0.0086,none
P0002658,0,0.0017,none
P0002659,0,0.0026,none
P0002660,0,0.0022,none
P0002661,0,0.0005,none
P0002662,0,0.006,none
P0002663,0,0.0012,none
P0002664,0,0.0076,none
P0002665,0,0.011,none
P0002666,0,0.0067,none
P0002667,0,0.0174,none
P0002668,0,0.0046,none
P0002669,0,0.001,none
P0002670,0,0.0105,none
P0002671,0,0.0071,none
P0002672,0,0.0006,none
P0002673,0,0.003,none
P0002674,0,0.0008,none
P0002675,0,0.0038,none
P0002676,0,0.0119,none
P0002677,0,0.0034,none
P0002678,0,0.0132,none
P0002679,0,0.0151,none
P0002680,0,0.005,none
P0002681,0,0.0016,none
P0002682,0,0.0045,none
P0002683,0,0.0015,none
P0002684,0,0.0008,none
P0002685,0,0.0068,none
P0002686,0,0.0052,none
P0002687,0,0.0139,none
P0002688,0,0.0207,none
P0002689,0,0.0086,none
P0002690,0,0.0034,none
P0002691,0,0.0048,none
P0002692,0,0.0122,none
P0002693,0,0.0071,none
P0002694,0,0.0079,none
P0002695,0,0.0031,none
P0002696,0,0.0049,none
P0002697,0,0.0069,none
P0002698,0,0.0064,none
P0002699,1,0.9722,data_center
P0002700,0,0.0154,none
P0002701,0,0.0011,none
P0002702,0,0.0037,none
P0002703,0,0.0076,none
P0002704,0,0.0172,none
P0002705,1,0.0679,data_center
P0002706,0,0.0071,none
P0002707,0,0.0025,none
P0002708,0,0.006,none
P0002709,0,0.0035,none
P0002710,0,0.0047,none
P0002711,0,0.0057,none
P0002712,1,0.1502,industrial
P0002713,0,0.0054,none
P0002714,0,0.0062,none
P0002715,0,0.0031,none
P0002716,0,0.0221,none
P0002717,0,0.0136,none
P0002718,0,0.01,none
P0002719,0,0.0062,none
P0002720,0,0.0018,none
P0002721,0,0.01,none
P0002722,1,0.3185,data_center
P0002723,0,0.0518,none
P0002724,0,0.0038,none
P0002725,0,0.0108,none
P0002726,0,0.0041,none
P0002727,0,0.0073,none
P0002728,0,0.0081,none
P0002729,0,0.0233,none
P0002730,0,0.0066,none
P0002731,0,0.0047,none
P0002732,0,0.0061,none
P0002733,0,0.0163,none
P0002734,0,0.0154,none
P0002735,0,0.0367,none
P0002736,0,0.0053,none
P0002737,0,0.0009,none
P0002738,0,0.0049,none
P0002739,0,0.0034,none
P0002740,0,0.0052,none
P0002741,0,0.004,none
P0002742,0,0.0044,none
P0002743,0,0.0023,none
P0002744,0,0.0058,none
P0002745,0,0.0063,none
P0002746,0,0.0125,none
P0002747,0,0.0057,none
P0002748,0,0.0032,none
P0002749,0,0.0025,none
P0002750,0,0.0049,none
P0002751,0,0.0068,none
P0002752,0,0.0058,none
P0002753,0,0.0064,none
P0002754,0,0.0012,none
P0002755,0,0.0044,none
P0002756,0,0.0049,none
P0002757,0,0.0051,none
P0002758,0,0.0003,none
P0002759,0,0.0159,none
P0002760,0,0.0444,none
P0002761,0,0.0009,none
P0002762,0,0.0052,none
P0002763,0,0.0145,none
P0002764,0,0.0167,none
P0002765,0,0.0182,none
P0002766,0,0.197,none
P0002767,0,0.0085,none
P0002768,0,0.0008,none
P0002769,0,0.0024,none
P0002770,0,0.0012,none
P0002771,0,0.002,none
P0002772,0,0.0068,none
P0002773,0,0.029,none
P0002774,0,0.0086,none
P0002775,0,0.0052,none
P0002776,0,0.0039,none
P0002777,0,0.0118,none
P0002778,1,0.0216,industrial
P0002779,0,0.0041,none
P0002780,0,0.0048,none
P0002781,0,0.0206,none
P0002782,0,0.0061,none
P0002783,0,0.0414,none
P0002784,0,0.0086,none
P0002785,0,0.0048,none
P0002786,0,0.0033,none
P0002787,0,0.0027,none
P0002788,0,0.003,none
P0002789,0,0.0039,none
P0002790,0,0.0144,none
P0002791,0,0.0026,none
P0002792,0,0.0004,none
P0002793,0,0.0055,none
P0002794,0,0.0058,none
P0002795,0,0.0071,none
P0002796,0,0.005,none
P0002797,0,0.0105,none
P0002798,0,0.0041,none
P0002799,0,0.0019,none
P0002800,0,0.0029,none
P0002801,0,0.0478,none
P0002802,0,0.0145,none
P0002803,0,0.0264,none
P0002804,0,0.0173,none
P0002805,0,0.0046,none
P0002806,0,0.0028,none
P0002807,1,0.0259,solar
P0002808,0,0.0091,none
P0002809,0,0.0217,none
P0002810,0,0.0126,none
P0002811,0,0.0059,none
P0002812,0,0.1124,none
P0002813,0,0.0318,none
P0002814,0,0.0773,none
P0002815,0,0.0093,none
P0002816,0,0.0171,none
P0002817,0,0.0158,none
P0002818,0,0.056,none
P0002819,0,0.0544,none
P0002820,0,0.012,none
P0002821,0,0.0122,none
P0002822,0,0.0045,none
P0002823,0,0.0233,none
P0002824,0,0.0824,none
P0002825,0,0.0477,none
P0002826,0,0.0474,none
P0002827,0,0.0135,none
P0002828,0,0.0392,none
P0002829,0,0.0604,none
P0002830,0,0.1445,none
P0002831,0,0.0271,none
P0002832,0,0.0019,none
P0002833,0,0.0108,none
P0002834,0,0.0159,none
P0002835,0,0.0855,none
P0002836,0,0.0056,none
P0002837,0,0.0081,none
P0002838,0,0.0061,none
P0002839,0,0.0152,none
P0002840,0,0.0268,none
P0002841,0,0.0198,none
P0002842,0,0.0109,none
P0002843,0,0.0083,none
P0002844,0,0.0136,none
P0002845,0,0.0055,none
P0002846,0,0.0104,none
P0002847,0,0.0061,none
P0002848,0,0.0242,none
P0002849,0,0.0077,none
P0002850,0,0.051,none
P0002851,0,0.0108,none
P0002852,0,0.0051,none
P0002853,0,0.121,none
P0002854,0,0.0161,none
P0002855,0,0.0054,none
P0002856,0,0.0137,none
P0002857,0,0.0042,none
P0002858,0,0.0237,none
P0002859,0,0.028,none
P0002860,0,0.1218,none
P0002861,0,0.0025,none
P0002862,0,0.0047,none
P0002863,0,0.0042,none
P0002864,0,0.0449,none
P0002865,0,0.0331,none
P0002866,0,0.0085,none
P0002867,0,0.0022,none
P0002868,0,0.0257,none
P0002869,0,0.0042,none
P0002870,0,0.0039,none
P0002871,0,0.1365,none
P0002872,0,0.0793,none
P0002873,0,0.0085,none
P0002874,0,0.0063,none
P0002875,0,0.0123,none
P0002876,0,0.3506,none
P0002877,0,0.0052,none
P0002878,0,0.0174,none
P0002879,1,0.0128,industrial
P0002880,0,0.1141,none
P0002881,0,0.0111,none
P0002882,0,0.0274,none
P0002883,0,0.0128,none
P0002884,0,0.013,none
P0002885,0,0.015,none
P0002886,0,0.0283,none
P0002887,0,0.0088,none
P0002888,0,0.0073,none
P0002889,0,0.0217,none
P0002890,0,0.0114,none
P0002891,0,0.0061,none
P0002892,1,0.0928,solar
P0002893,0,0.0026,none
P0002894,0,0.0267,none
P0002895,0,0.004,none
P0002896,0,0.0165,none
P0002897,0,0.0064,none
P0002898,0,0.0915,none
P0002899,0,0.0045,none
P0002900,0,0.0155,none
P0002901,0,0.0155,none
P0002902,0,0.0055,none
P0002903,0,0.0166,none
P0002904,0,0.0165,none
P0002905,0,0.021,none
P0002906,0,0.0037,none
P0002907,1,0.5631,industrial
P0002908,0,0.0014,none
P0002909,0,0.0147,none
P0002910,0,0.2025,none
P0002911,0,0.0228,none
P0002912,0,0.0337,none
P0002913,0,0.0118,none
P0002914,0,0.0124,none
P0002915,0,0.003,none
P0002916,0,0.0116,none
P0002917,0,0.0105,none
P0002918,0,0.0211,none
P0002919,0,0.0062,none
P0002920,0,0.1016,none
P0002921,0,0.0464,none
P0002922,0,0.0085,none
P0002923,0,0.0115,none
P0002924,0,0.0067,none
P0002925,0,0.013,none
P0002926,0,0.0073,none
P0002927,0,0.0012,none
P0002928,0,0.0114,none
P0002929,0,0.0294,none
P0002930,0,0.005,none
P0002931,0,0.0014,none
P0002932,0,0.0063,none
P0002933,0,0.0265,none
P0002934,0,0.022,none
P0002935,0,0.0063,none
P0002936,0,0.0512,none
P0002937,0,0.0346,none
P0002938,0,0.0335,none
P0002939,0,0.0081,none
P0002940,0,0.0013,none
P0002941,0,0.002,none
P0002942,0,0.0077,none
P0002943,0,0.0086,none
P0002944,0,0.0167,none
P0002945,0,0.0656,none
P0002946,0,0.0056,none
P0002947,0,0.0085,none
P0002948,0,0.0283,none
P0002949,0,0.0094,none
P0002950,0,0.0092,none
P0002951,0,0.0075,none
P0002952,0,0.0174,none
P0002953,0,0.1009,none
P0002954,0,0.0231,none
P0002955,1,0.0165,solar
P0002956,0,0.033,none
P0002957,0,0.0804,none
P0002958,0,0.0186,none
P0002959,0,0.0031,none
P0002960,0,0.0476,none
P0002961,0,0.0279,none
P0002962,0,0.0524,none
P0002963,0,0.0301,none
P0002964,0,0.2303,none
P0002965,1,0.8793,solar
P0002966,0,0.0113,none
P0002967,0,0.0054,none
P0002968,0,0.0022,none
P0002969,0,0.0187,none
P0002970,0,0.0156,none
P0002971,0,0.001,none
P0002972,0,0.0778,none
P0002973,0,0.0154,none
P0002974,0,0.0056,none
P0002975,0,0.0004,none
P0002976,0,0.014,none
P0002977,0,0.0074,none
P0002978,0,0.0133,none
P0002979,0,0.0122,none
P0002980,0,0.0822,none
P0002981,0,0.0067,none
P0002982,0,0.0877,none
P0002983,0,0.0081,none
P0002984,0,0.0056,none
P0002985,0,0.0305,none
P0002986,0,0.0032,none
P0002987,0,0.0183,none
P0002988,0,0.1553,none
P0002989,0,0.0022,none
P0002990,0,0.0022,none
P0002991,0,0.03,none
P0002992,0,0.0157,none
P0002993,0,0.0281,none
P0002994,0,0.0399,none
P0002995,0,0.0318,none
P0002996,0,0.0057,none
P0002997,0,0.0257,none
P0002998,0,0.1474,none
P0002999,0,0.0065,none
P0003000,0,0.0582,none
P0003001,0,0.0441,none
P0003002,0,0.0047,none
P0003003,0,0.0321,none
P0003004,0,0.0021,none
P0003005,0,0.0096,none
P0003006,0,0.0222,none
P0003007,0,0.021,none
P0003008,0,0.1324,none
P0003009,0,0.0466,none
P0003010,0,0.069,none
P0003011,0,0.0153,none
P0003012,0,0.0017,none
P0003013,0,0.018,none
P0003014,0,0.013,none
P0003015,0,0.0072,none
P0003016,0,0.0399,none
P0003017,0,0.0153,none
P0003018,1,0.8147,data_center
P0003019,0,0.0977,none
P0003020,0,0.0059,none
P0003021,0,0.0106,none
P0003022,0,0.0302,none
P0003023,0,0.0401,none
P0003024,0,0.0111,none
P0003025,0,0.0208,none
P0003026,0,0.0368,none
P0003027,0,0.0088,none
P0003028,0,0.0065,none
P0003029,0,0.0111,none
P0003030,0,0.0539,none
P0003031,0,0.0003,none
P0003032,0,0.0116,none
P0003033,0,0.0079,none
P0003034,0,0.0291,none
P0003035,0,0.008,none
P0003036,0,0.1198,none
P0003037,0,0.0132,none
P0003038,0,0.0149,none
P0003039,0,0.0064,none
P0003040,0,0.0195,none
P0003041,0,0.0033,none
P0003042,0,0.0035,none
P0003043,0,0.0062,none
P0003044,0,0.0023,none
P0003045,0,0.0093,none
P0003046,0,0.0598,none
P0003047,0,0.0459,none
P0003048,0,0.0975,none
P0003049,0,0.0281,none
P0003050,0,0.0066,none
P0003051,0,0.0354,none
P0003052,0,0.0548,none
P0003053,0,0.035,none
P0003054,0,0.0311,none
P0003055,0,0.0268,none
P0003056,1,0.141,data_center
P0003057,0,0.0169,none
P0003058,0,0.0543,none
P0003059,0,0.0558,none
P0003060,0,0.0022,none
P0003061,0,0.0059,none
P0003062,0,0.0121,none
P0003063,0,0.0644,none
P0003064,0,0.0428,none
P0003065,0,0.0602,none
P0003066,0,0.0098,none
P0003067,0,0.0039,none
P0003068,0,0.0177,none
P0003069,0,0.0033,none
P0003070,0,0.0132,none
P0003071,0,0.0302,none
P0003072,0,0.0039,none
P0003073,0,0.0646,none
P0003074,0,0.0017,none
P0003075,0,0.1168,none
P0003076,0,0.0023,none
P0003077,0,0.0075,none
P0003078,0,0.007,none
P0003079,0,0.0423,none
P0003080,0,0.0084,none
P0003081,1,0.3636,industrial
P0003082,0,0.0159,none
P0003083,0,0.0184,none
P0003084,0,0.312,none
P0003085,0,0.0827,none
P0003086,0,0.0064,none
P0003087,0,0.0036,none
P0003088,0,0.0047,none
P0003089,0,0.0101,none
P0003090,0,0.05,none
P0003091,0,0.0154,none
P0003092,0,0.0159,none
P0003093,0,0.0079,none
P0003094,0,0.0395,none
P0003095,0,0.0024,none
P0003096,0,0.0146,none
P0003097,0,0.0256,none
P0003098,0,0.0262,none
P0003099,0,0.0077,none
P0003100,0,0.0399,none
P0003101,0,0.0054,none
P0003102,0,0.0202,none
P0003103,0,0.0151,none
P0003104,0,0.0037,none
P0003105,0,0.0092,none
P0003106,0,0.0204,none
P0003107,0,0.0247,none
P0003108,1,0.0289,solar
P0003109,0,0.0107,none
P0003110,0,0.0444,none
P0003111,0,0.0427,none
P0003112,0,0.0098,none
P0003113,0,0.1249,none
P0003114,0,0.022,none
P0003115,0,0.0274,none
P0003116,0,0.0108,none
P0003117,0,0.0408,none
P0003118,1,0.0268,solar
P0003119,0,0.0231,none
P0003120,0,0.0136,none
P0003121,0,0.0042,none
P0003122,0,0.0357,none
P0003123,1,0.2345,industrial
P0003124,0,0.0105,none
P0003125,0,0.0562,none
P0003126,0,0.0017,none
P0003127,0,0.0199,none
P0003128,0,0.0098,none
P0003129,0,0.0028,none
P0003130,0,0.0056,none
P0003131,0,0.0378,none
P0003132,0,0.0022,none
P0003133,0,0.0673,none
P0003134,0,0.0062,none
P0003135,0,0.0303,none
P0003136,0,0.0038,none
P0003137,0,0.0004,none
P0003138,0,0.0232,none
P0003139,0,0.0276,none
P0003140,0,0.0622,none
P0003141,0,0.0048,none
P0003142,0,0.0007,none
P0003143,0,0.0223,none
P0003144,0,0.0047,none
P0003145,0,0.0248,none
P0003146,0,0.1501,none
P0003147,0,0.0408,none
P0003148,0,0.023,none
P0003149,0,0.003,none
P0003150,0,0.0185,none
P0003151,0,0.1158,none
P0003152,0,0.0066,none
P0003153,0,0.0171,none
P0003154,0,0.0234,none
P0003155,0,0.0067,none
P0003156,0,0.0142,none
P0003157,0,0.1487,none
P0003158,0,0.014,none
P0003159,0,0.0304,none
P0003160,0,0.0225,none
P0003161,0,0.0088,none
P0003162,0,0.0102,none
P0003163,0,0.0055,none
P0003164,0,0.0038,none
P0003165,0,0.0089,none
P0003166,0,0.0078,none
P0003167,0,0.0117,none
P0003168,0,0.0581,none
P0003169,0,0.0115,none
P0003170,0,0.0216,none
P0003171,0,0.0163,none
P0003172,0,0.0162,none
P0003173,0,0.001,none
P0003174,1,0.0644,data_center
P0003175,0,0.0067,none
P0003176,0,0.0073,none
P0003177,0,0.0509,none
P0003178,0,0.0063,none
P0003179,0,0.0161,none
P0003180,0,0.0111,none
P0003181,0,0.1014,none
P0003182,0,0.0627,none
P0003183,0,0.0171,none
P0003184,0,0.0285,none
P0003185,0,0.0128,none
P0003186,0,0.0032,none
P0003187,0,0.214,none
P0003188,0,0.07,none
P0003189,0,0.0206,none
P0003190,0,0.0028,none
P0003191,0,0.0673,none
P0003192,0,0.0043,none
P0003193,0,0.0289,none
P0003194,0,0.0102,none
P0003195,0,0.0128,none
P0003196,0,0.0276,none
P0003197,0,0.3333,none
P0003198,0,0.0015,none
P0003199,0,0.0028,none
P0003200,0,0.0161,none
